<?xml version="1.0" encoding="UTF-8"?>
<MyGUI type="Resource" version="1.1">
	<Resource type="ResourceW32Pointer" name="arrow">
		<Property key="SourceSystem">IDC_ARROW</Property>
	</Resource>
	<Resource type="ResourceW32Pointer" name="beam">
		<Property key="SourceSystem">IDC_IBEAM</Property>
	</Resource>
	<Resource type="ResourceW32Pointer" name="size_left">
		<Property key="SourceSystem">IDC_SIZENWSE</Property>
	</Resource>
	<Resource type="ResourceW32Pointer" name="size_right">
		<Property key="SourceSystem">IDC_SIZENESW</Property>
	</Resource>
	<Resource type="ResourceW32Pointer" name="size_horz">
		<Property key="SourceSystem">IDC_SIZEWE</Property>
	</Resource>
	<Resource type="ResourceW32Pointer" name="size_vert">
		<Property key="SourceSystem">IDC_SIZENS</Property>
	</Resource>
	<Resource type="ResourceW32Pointer" name="hand">
		<Property key="SourceSystem">IDC_SIZEALL</Property>
	</Resource>
	<Resource type="ResourceW32Pointer" name="link">
		<Property key="SourceSystem">IDC_HAND</Property>
	</Resource>
</MyGUI>
