<?xml version="1.0" encoding="UTF-8"?>
<MyGUI type="Resource" version="1.1">
	<Resource type="ResourceTrueTypeFont" name="DejaVuSansItalicFont_15">
		<Property key="Source" value="DejaVuSans-Oblique.ttf"/>
		<Property key="Size" value="10"/>
		<Codes>
			<Code range="32 126"/>
			<Code range="1025 1105"/>
			<Code range="8470"/>
			<Code hide="1026 1039"/>
			<Code hide="1104"/>
		</Codes>
	</Resource>
	<Resource type="ResourceTrueTypeFont" name="DejaVuSansBoldFont_15">
		<Property key="Source" value="DejaVuSans-Bold.ttf"/>
		<Property key="Size" value="10"/>
		<Codes>
			<Code range="32 126"/>
			<Code range="1025 1105"/>
			<Code range="8470"/>
			<Code hide="1026 1039"/>
			<Code hide="1104"/>
		</Codes>
	</Resource>
	<Resource type="ResourceTrueTypeFont" name="DejaVuSansBoldItalicFont_15">
		<Property key="Source" value="DejaVuSans-BoldOblique.ttf"/>
		<Property key="Size" value="10"/>
		<Codes>
			<Code range="32 126"/>
			<Code range="1025 1105"/>
			<Code range="8470"/>
			<Code hide="1026 1039"/>
			<Code hide="1104"/>
		</Codes>
	</Resource>
	<Resource type="ResourceTrueTypeFont" name="DejaVuSansFont_19">
		<Property key="Source" value="DejaVuSans.ttf"/>
		<Property key="Size" value="12"/>
		<Codes>
			<Code range="32 126"/>
			<Code range="1025 1105"/>
			<Code range="8470"/>
			<Code hide="1026 1039"/>
			<Code hide="1104"/>
		</Codes>
	</Resource>
	<Resource type="ResourceTrueTypeFont" name="DejaVuSansFont_22">
		<Property key="Source" value="DejaVuSans.ttf"/>
		<Property key="Size" value="14"/>
		<Codes>
			<Code range="32 126"/>
			<Code range="1025 1105"/>
			<Code range="8470"/>
			<Code hide="1026 1039"/>
			<Code hide="1104"/>
		</Codes>
	</Resource>
	<Resource type="ResourceTrueTypeFont" name="DejaVuSansFont_25">
		<Property key="Source" value="DejaVuSans.ttf"/>
		<Property key="Size" value="16"/>
		<Codes>
			<Code range="32 126"/>
			<Code range="1025 1105"/>
			<Code range="8470"/>
			<Code hide="1026 1039"/>
			<Code hide="1104"/>
		</Codes>
	</Resource>
</MyGUI>
