<?xml version="1.0" encoding="UTF-8"?>
<MyGUI type="Resource" version="1.1">
	<Resource type="ResourceImageSet" name="MessageBoxIcon">
		<Group name="Icons" texture="MessageBoxIcons.png" size="50 50">
			<Index name="Info">
				<Frame point="0 0"/>
			</Index>
			<Index name="Quest">
				<Frame point="50 0"/>
			</Index>
			<Index name="Error">
				<Frame point="100 0"/>
			</Index>
			<Index name="Warning">
				<Frame point="150 0"/>
			</Index>
		</Group>
	</Resource>
</MyGUI>
