<?xml version="1.0" encoding="UTF-8"?>
<mesh>
    <sharedgeometry vertexcount="148">
        <vertexbuffer texture_coords="1" positions="true" colours_diffuse="False" normals="true">
            <vertex>
                <position x="-3.682554" y="-33.329781" z="0.000000"/>
                <normal x="0.000000" y="0.000000" z="-1.000000"/>
                <texcoord v="1.000000" u="0.000000"/>
            </vertex>
            <vertex>
                <position x="-156.832199" y="-150.652603" z="0.000000"/>
                <normal x="0.000000" y="0.000000" z="-1.000000"/>
                <texcoord v="1.000000" u="0.000000"/>
            </vertex>
            <vertex>
                <position x="-156.832199" y="-33.329781" z="0.000000"/>
                <normal x="0.000000" y="0.000000" z="-1.000000"/>
                <texcoord v="1.000000" u="0.000000"/>
            </vertex>
            <vertex>
                <position x="-3.682554" y="-150.652603" z="0.000000"/>
                <normal x="-0.000000" y="0.000000" z="-1.000000"/>
                <texcoord v="1.000000" u="0.000000"/>
            </vertex>
            <vertex>
                <position x="-3.682554" y="71.629089" z="28.123640"/>
                <normal x="0.000000" y="0.258819" z="-0.965926"/>
                <texcoord v="1.000000" u="0.000000"/>
            </vertex>
            <vertex>
                <position x="-156.832199" y="-33.329781" z="0.000000"/>
                <normal x="0.000000" y="0.258819" z="-0.965926"/>
                <texcoord v="1.000000" u="0.000000"/>
            </vertex>
            <vertex>
                <position x="-156.832199" y="71.629089" z="28.123640"/>
                <normal x="0.000000" y="0.258819" z="-0.965926"/>
                <texcoord v="1.000000" u="0.000000"/>
            </vertex>
            <vertex>
                <position x="-3.682554" y="-33.329781" z="0.000000"/>
                <normal x="0.000000" y="0.258819" z="-0.965926"/>
                <texcoord v="1.000000" u="0.000000"/>
            </vertex>
            <vertex>
                <position x="130.963104" y="-148.272400" z="-18.757940"/>
                <normal x="-0.137981" y="-0.000000" z="-0.990435"/>
                <texcoord v="1.000000" u="0.000000"/>
            </vertex>
            <vertex>
                <position x="-3.682554" y="-150.652603" z="0.000000"/>
                <normal x="-0.137981" y="-0.000000" z="-0.990435"/>
                <texcoord v="1.000000" u="0.000000"/>
            </vertex>
            <vertex>
                <position x="-3.682554" y="-33.329781" z="0.000000"/>
                <normal x="-0.137981" y="-0.000000" z="-0.990435"/>
                <texcoord v="1.000000" u="0.000000"/>
            </vertex>
            <vertex>
                <position x="-3.682554" y="-150.652603" z="0.000000"/>
                <normal x="0.000000" y="0.366501" z="-0.930417"/>
                <texcoord v="1.000000" u="0.000000"/>
            </vertex>
            <vertex>
                <position x="-156.832199" y="-198.272400" z="-18.757940"/>
                <normal x="0.000000" y="0.366501" z="-0.930417"/>
                <texcoord v="1.000000" u="0.000000"/>
            </vertex>
            <vertex>
                <position x="-156.832199" y="-150.652603" z="0.000000"/>
                <normal x="0.000000" y="0.366501" z="-0.930417"/>
                <texcoord v="1.000000" u="0.000000"/>
            </vertex>
            <vertex>
                <position x="-3.682554" y="-198.272400" z="-18.757940"/>
                <normal x="0.000000" y="0.366501" z="-0.930417"/>
                <texcoord v="1.000000" u="0.000000"/>
            </vertex>
            <vertex>
                <position x="30.172588" y="100.842697" z="-12.168260"/>
                <normal x="-0.808310" y="0.152382" z="-0.568696"/>
                <texcoord v="1.000000" u="0.000000"/>
            </vertex>
            <vertex>
                <position x="-3.682554" y="-33.329781" z="0.000000"/>
                <normal x="-0.808310" y="0.152382" z="-0.568696"/>
                <texcoord v="1.000000" u="0.000000"/>
            </vertex>
            <vertex>
                <position x="-3.682554" y="71.629089" z="28.123640"/>
                <normal x="-0.808310" y="0.152382" z="-0.568696"/>
                <texcoord v="1.000000" u="0.000000"/>
            </vertex>
            <vertex>
                <position x="-3.682554" y="142.742493" z="9.068856"/>
                <normal x="0.000000" y="-0.258819" z="-0.965926"/>
                <texcoord v="1.000000" u="0.000000"/>
            </vertex>
            <vertex>
                <position x="-156.832199" y="71.629089" z="28.123640"/>
                <normal x="0.000000" y="-0.258819" z="-0.965926"/>
                <texcoord v="1.000000" u="0.000000"/>
            </vertex>
            <vertex>
                <position x="-156.832199" y="142.742493" z="9.068856"/>
                <normal x="0.000000" y="-0.258819" z="-0.965926"/>
                <texcoord v="1.000000" u="0.000000"/>
            </vertex>
            <vertex>
                <position x="-3.682554" y="71.629089" z="28.123640"/>
                <normal x="0.000000" y="-0.258819" z="-0.965926"/>
                <texcoord v="1.000000" u="0.000000"/>
            </vertex>
            <vertex>
                <position x="130.963104" y="-148.272400" z="-18.757940"/>
                <normal x="-0.137981" y="0.000000" z="-0.990435"/>
                <texcoord v="1.000000" u="0.000000"/>
            </vertex>
            <vertex>
                <position x="-3.682554" y="-33.329781" z="0.000000"/>
                <normal x="-0.137981" y="0.000000" z="-0.990435"/>
                <texcoord v="1.000000" u="0.000000"/>
            </vertex>
            <vertex>
                <position x="130.963104" y="-44.335407" z="-18.757940"/>
                <normal x="-0.137981" y="0.000000" z="-0.990435"/>
                <texcoord v="1.000000" u="0.000000"/>
            </vertex>
            <vertex>
                <position x="130.963104" y="-148.272400" z="-18.757940"/>
                <normal x="-0.134855" y="0.363153" z="-0.921918"/>
                <texcoord v="1.000000" u="0.000000"/>
            </vertex>
            <vertex>
                <position x="-3.682554" y="-198.272400" z="-18.757940"/>
                <normal x="-0.134855" y="0.363153" z="-0.921918"/>
                <texcoord v="1.000000" u="0.000000"/>
            </vertex>
            <vertex>
                <position x="-3.682554" y="-150.652603" z="0.000000"/>
                <normal x="-0.134855" y="0.363153" z="-0.921918"/>
                <texcoord v="1.000000" u="0.000000"/>
            </vertex>
            <vertex>
                <position x="30.172588" y="100.842697" z="-12.168260"/>
                <normal x="-0.679532" y="-0.189882" z="-0.708648"/>
                <texcoord v="1.000000" u="0.000000"/>
            </vertex>
            <vertex>
                <position x="-3.682554" y="71.629089" z="28.123640"/>
                <normal x="-0.679532" y="-0.189882" z="-0.708648"/>
                <texcoord v="1.000000" u="0.000000"/>
            </vertex>
            <vertex>
                <position x="-3.682554" y="142.742493" z="9.068856"/>
                <normal x="-0.679532" y="-0.189882" z="-0.708648"/>
                <texcoord v="1.000000" u="0.000000"/>
            </vertex>
            <vertex>
                <position x="30.172588" y="100.842697" z="-12.168260"/>
                <normal x="-0.142092" y="-0.053785" z="-0.988391"/>
                <texcoord v="1.000000" u="0.000000"/>
            </vertex>
            <vertex>
                <position x="130.963104" y="-44.335407" z="-18.757940"/>
                <normal x="-0.142092" y="-0.053785" z="-0.988391"/>
                <texcoord v="1.000000" u="0.000000"/>
            </vertex>
            <vertex>
                <position x="-3.682554" y="-33.329781" z="0.000000"/>
                <normal x="-0.142092" y="-0.053785" z="-0.988391"/>
                <texcoord v="1.000000" u="0.000000"/>
            </vertex>
            <vertex>
                <position x="130.963104" y="-44.335407" z="-18.757940"/>
                <normal x="-0.142092" y="-0.053785" z="-0.988391"/>
                <texcoord v="1.000000" u="0.000000"/>
            </vertex>
            <vertex>
                <position x="30.172588" y="100.842697" z="-12.168260"/>
                <normal x="-0.142092" y="-0.053785" z="-0.988391"/>
                <texcoord v="1.000000" u="0.000000"/>
            </vertex>
            <vertex>
                <position x="48.506710" y="173.503296" z="-18.757940"/>
                <normal x="-0.142092" y="-0.053785" z="-0.988391"/>
                <texcoord v="1.000000" u="0.000000"/>
            </vertex>
            <vertex>
                <position x="-3.682554" y="212.659302" z="17.901400"/>
                <normal x="0.000000" y="0.125333" z="-0.992115"/>
                <texcoord v="1.000000" u="0.000000"/>
            </vertex>
            <vertex>
                <position x="-156.832199" y="142.742493" z="9.068856"/>
                <normal x="0.000000" y="0.125333" z="-0.992115"/>
                <texcoord v="1.000000" u="0.000000"/>
            </vertex>
            <vertex>
                <position x="-156.832199" y="212.659302" z="17.901400"/>
                <normal x="0.000000" y="0.125333" z="-0.992115"/>
                <texcoord v="1.000000" u="0.000000"/>
            </vertex>
            <vertex>
                <position x="-3.682554" y="142.742493" z="9.068856"/>
                <normal x="0.000000" y="0.125333" z="-0.992115"/>
                <texcoord v="1.000000" u="0.000000"/>
            </vertex>
            <vertex>
                <position x="202.992889" y="91.709854" z="-18.757940"/>
                <normal x="0.000000" y="0.000000" z="-1.000000"/>
                <texcoord v="1.000000" u="0.000000"/>
            </vertex>
            <vertex>
                <position x="130.963104" y="-148.272400" z="-18.757940"/>
                <normal x="0.000000" y="0.000000" z="-1.000000"/>
                <texcoord v="1.000000" u="0.000000"/>
            </vertex>
            <vertex>
                <position x="130.963104" y="-44.335407" z="-18.757940"/>
                <normal x="0.000000" y="0.000000" z="-1.000000"/>
                <texcoord v="1.000000" u="0.000000"/>
            </vertex>
            <vertex>
                <position x="130.963104" y="-198.272400" z="-18.757940"/>
                <normal x="0.000000" y="-0.000000" z="-1.000000"/>
                <texcoord v="1.000000" u="0.000000"/>
            </vertex>
            <vertex>
                <position x="-3.682554" y="-198.272400" z="-18.757940"/>
                <normal x="0.000000" y="-0.000000" z="-1.000000"/>
                <texcoord v="1.000000" u="0.000000"/>
            </vertex>
            <vertex>
                <position x="130.963104" y="-148.272400" z="-18.757940"/>
                <normal x="0.000000" y="-0.000000" z="-1.000000"/>
                <texcoord v="1.000000" u="0.000000"/>
            </vertex>
            <vertex>
                <position x="48.506710" y="173.503296" z="-18.757940"/>
                <normal x="-0.490461" y="0.044826" z="-0.870309"/>
                <texcoord v="1.000000" u="0.000000"/>
            </vertex>
            <vertex>
                <position x="30.172588" y="100.842697" z="-12.168260"/>
                <normal x="-0.490461" y="0.044826" z="-0.870309"/>
                <texcoord v="1.000000" u="0.000000"/>
            </vertex>
            <vertex>
                <position x="-3.682554" y="142.742493" z="9.068856"/>
                <normal x="-0.490461" y="0.044826" z="-0.870309"/>
                <texcoord v="1.000000" u="0.000000"/>
            </vertex>
            <vertex>
                <position x="202.992889" y="91.709854" z="-18.757940"/>
                <normal x="0.000000" y="0.000000" z="-1.000000"/>
                <texcoord v="1.000000" u="0.000000"/>
            </vertex>
            <vertex>
                <position x="130.963104" y="-44.335407" z="-18.757940"/>
                <normal x="0.000000" y="0.000000" z="-1.000000"/>
                <texcoord v="1.000000" u="0.000000"/>
            </vertex>
            <vertex>
                <position x="48.506710" y="173.503296" z="-18.757940"/>
                <normal x="0.000000" y="0.000000" z="-1.000000"/>
                <texcoord v="1.000000" u="0.000000"/>
            </vertex>
            <vertex>
                <position x="119.545799" y="268.171082" z="17.901400"/>
                <normal x="0.000000" y="0.000000" z="-1.000000"/>
                <texcoord v="1.000000" u="0.000000"/>
            </vertex>
            <vertex>
                <position x="-3.682554" y="212.659302" z="17.901400"/>
                <normal x="0.000000" y="0.000000" z="-1.000000"/>
                <texcoord v="1.000000" u="0.000000"/>
            </vertex>
            <vertex>
                <position x="-156.832199" y="212.659302" z="17.901400"/>
                <normal x="0.000000" y="0.000000" z="-1.000000"/>
                <texcoord v="1.000000" u="0.000000"/>
            </vertex>
            <vertex>
                <position x="-3.682554" y="212.659302" z="17.901400"/>
                <normal x="-0.000000" y="0.000000" z="-1.000000"/>
                <texcoord v="1.000000" u="0.000000"/>
            </vertex>
            <vertex>
                <position x="119.545799" y="268.171082" z="17.901400"/>
                <normal x="-0.000000" y="0.000000" z="-1.000000"/>
                <texcoord v="1.000000" u="0.000000"/>
            </vertex>
            <vertex>
                <position x="119.545799" y="212.659302" z="17.901400"/>
                <normal x="-0.000000" y="0.000000" z="-1.000000"/>
                <texcoord v="1.000000" u="0.000000"/>
            </vertex>
            <vertex>
                <position x="48.506710" y="173.503296" z="-18.757940"/>
                <normal x="-0.516294" y="0.107337" z="-0.849658"/>
                <texcoord v="1.000000" u="0.000000"/>
            </vertex>
            <vertex>
                <position x="-3.682554" y="142.742493" z="9.068856"/>
                <normal x="-0.516294" y="0.107337" z="-0.849658"/>
                <texcoord v="1.000000" u="0.000000"/>
            </vertex>
            <vertex>
                <position x="-3.682554" y="212.659302" z="17.901400"/>
                <normal x="-0.516294" y="0.107337" z="-0.849658"/>
                <texcoord v="1.000000" u="0.000000"/>
            </vertex>
            <vertex>
                <position x="202.992889" y="91.709854" z="-18.757940"/>
                <normal x="0.254236" y="0.480184" z="-0.839516"/>
                <texcoord v="1.000000" u="0.000000"/>
            </vertex>
            <vertex>
                <position x="48.506710" y="173.503296" z="-18.757940"/>
                <normal x="0.254236" y="0.480184" z="-0.839516"/>
                <texcoord v="1.000000" u="0.000000"/>
            </vertex>
            <vertex>
                <position x="202.992889" y="131.694290" z="4.112254"/>
                <normal x="0.254236" y="0.480184" z="-0.839516"/>
                <texcoord v="1.000000" u="0.000000"/>
            </vertex>
            <vertex>
                <position x="202.992889" y="131.694290" z="4.112254"/>
                <normal x="-0.163033" y="-0.000000" z="-0.986621"/>
                <texcoord v="1.000000" u="0.000000"/>
            </vertex>
            <vertex>
                <position x="119.545799" y="212.659302" z="17.901400"/>
                <normal x="-0.163033" y="-0.000000" z="-0.986621"/>
                <texcoord v="1.000000" u="0.000000"/>
            </vertex>
            <vertex>
                <position x="119.545799" y="268.171082" z="17.901400"/>
                <normal x="-0.163033" y="-0.000000" z="-0.986621"/>
                <texcoord v="1.000000" u="0.000000"/>
            </vertex>
            <vertex>
                <position x="119.545799" y="212.659302" z="17.901400"/>
                <normal x="0.000000" y="0.683451" z="-0.729997"/>
                <texcoord v="1.000000" u="0.000000"/>
            </vertex>
            <vertex>
                <position x="48.506710" y="173.503296" z="-18.757940"/>
                <normal x="0.000000" y="0.683451" z="-0.729997"/>
                <texcoord v="1.000000" u="0.000000"/>
            </vertex>
            <vertex>
                <position x="-3.682554" y="212.659302" z="17.901400"/>
                <normal x="0.000000" y="0.683451" z="-0.729997"/>
                <texcoord v="1.000000" u="0.000000"/>
            </vertex>
            <vertex>
                <position x="202.992889" y="131.694290" z="4.112254"/>
                <normal x="0.238619" y="0.396881" z="-0.886310"/>
                <texcoord v="1.000000" u="0.000000"/>
            </vertex>
            <vertex>
                <position x="48.506710" y="173.503296" z="-18.757940"/>
                <normal x="0.238619" y="0.396881" z="-0.886310"/>
                <texcoord v="1.000000" u="0.000000"/>
            </vertex>
            <vertex>
                <position x="119.545799" y="212.659302" z="17.901400"/>
                <normal x="0.238619" y="0.396881" z="-0.886310"/>
                <texcoord v="1.000000" u="0.000000"/>
            </vertex>
            <vertex>
                <position x="-3.682554" y="-150.652603" z="0.000000"/>
                <normal x="-0.000000" y="0.000000" z="1.000000"/>
                <texcoord v="4.795971" u="0.102222"/>
            </vertex>
            <vertex>
                <position x="-3.682554" y="-33.329781" z="0.000000"/>
                <normal x="-0.000000" y="0.000000" z="1.000000"/>
                <texcoord v="1.839805" u="0.102222"/>
            </vertex>
            <vertex>
                <position x="-156.832199" y="-150.652603" z="0.000000"/>
                <normal x="-0.000000" y="0.000000" z="1.000000"/>
                <texcoord v="4.795971" u="4.353430"/>
            </vertex>
            <vertex>
                <position x="-156.832199" y="-33.329781" z="0.000000"/>
                <normal x="0.000000" y="-0.000000" z="1.000000"/>
                <texcoord v="1.839805" u="4.353430"/>
            </vertex>
            <vertex>
                <position x="-3.682554" y="-33.329781" z="0.000000"/>
                <normal x="0.000000" y="-0.258819" z="0.965926"/>
                <texcoord v="1.811190" u="0.102222"/>
            </vertex>
            <vertex>
                <position x="-3.682554" y="71.629089" z="28.123640"/>
                <normal x="0.000000" y="-0.258819" z="0.965926"/>
                <texcoord v="-0.926736" u="0.102222"/>
            </vertex>
            <vertex>
                <position x="-156.832199" y="-33.329781" z="0.000000"/>
                <normal x="0.000000" y="-0.258819" z="0.965926"/>
                <texcoord v="1.811190" u="4.353430"/>
            </vertex>
            <vertex>
                <position x="-156.832199" y="71.629089" z="28.123640"/>
                <normal x="0.000000" y="-0.258819" z="0.965926"/>
                <texcoord v="-0.926736" u="4.353430"/>
            </vertex>
            <vertex>
                <position x="-3.682554" y="-33.329781" z="0.000000"/>
                <normal x="0.137981" y="-0.000000" z="0.990435"/>
                <texcoord v="0.908099" u="0.925186"/>
            </vertex>
            <vertex>
                <position x="-3.682554" y="-150.652603" z="0.000000"/>
                <normal x="0.137981" y="-0.000000" z="0.990435"/>
                <texcoord v="0.908099" u="4.181895"/>
            </vertex>
            <vertex>
                <position x="130.963104" y="-148.272400" z="-18.757940"/>
                <normal x="0.137981" y="-0.000000" z="0.990435"/>
                <texcoord v="4.333510" u="4.115824"/>
            </vertex>
            <vertex>
                <position x="-3.682554" y="-198.272400" z="-18.757940"/>
                <normal x="0.000000" y="-0.366501" z="0.930417"/>
                <texcoord v="5.821441" u="0.102222"/>
            </vertex>
            <vertex>
                <position x="-3.682554" y="-150.652603" z="0.000000"/>
                <normal x="0.000000" y="-0.366501" z="0.930417"/>
                <texcoord v="4.531839" u="0.102222"/>
            </vertex>
            <vertex>
                <position x="-156.832199" y="-198.272400" z="-18.757940"/>
                <normal x="0.000000" y="-0.366501" z="0.930417"/>
                <texcoord v="5.821441" u="4.353430"/>
            </vertex>
            <vertex>
                <position x="-156.832199" y="-150.652603" z="0.000000"/>
                <normal x="0.000000" y="-0.366501" z="0.930417"/>
                <texcoord v="4.531839" u="4.353430"/>
            </vertex>
            <vertex>
                <position x="-3.682554" y="71.629089" z="28.123640"/>
                <normal x="0.808310" y="-0.152382" z="0.568696"/>
                <texcoord v="0.175119" u="-1.934964"/>
            </vertex>
            <vertex>
                <position x="-3.682554" y="-33.329781" z="0.000000"/>
                <normal x="0.808310" y="-0.152382" z="0.568696"/>
                <texcoord v="1.036622" u="0.928108"/>
            </vertex>
            <vertex>
                <position x="30.172588" y="100.842697" z="-12.168260"/>
                <normal x="0.808310" y="-0.152382" z="0.568696"/>
                <texcoord v="1.409368" u="-2.905950"/>
            </vertex>
            <vertex>
                <position x="-3.682554" y="71.629089" z="28.123640"/>
                <normal x="0.000000" y="0.258819" z="0.965926"/>
                <texcoord v="2.559923" u="-0.102222"/>
            </vertex>
            <vertex>
                <position x="-3.682554" y="142.742493" z="9.068856"/>
                <normal x="0.000000" y="0.258819" z="0.965926"/>
                <texcoord v="4.414967" u="-0.102222"/>
            </vertex>
            <vertex>
                <position x="-156.832199" y="71.629089" z="28.123640"/>
                <normal x="0.000000" y="0.258819" z="0.965926"/>
                <texcoord v="2.559923" u="-4.353430"/>
            </vertex>
            <vertex>
                <position x="-156.832199" y="142.742493" z="9.068856"/>
                <normal x="0.000000" y="0.258819" z="0.965926"/>
                <texcoord v="4.414967" u="-4.353430"/>
            </vertex>
            <vertex>
                <position x="130.963104" y="-44.335407" z="-18.757940"/>
                <normal x="0.137981" y="0.000000" z="0.990435"/>
                <texcoord v="4.333510" u="1.230686"/>
            </vertex>
            <vertex>
                <position x="-3.682554" y="-33.329781" z="0.000000"/>
                <normal x="0.137981" y="0.000000" z="0.990435"/>
                <texcoord v="0.908099" u="0.925186"/>
            </vertex>
            <vertex>
                <position x="130.963104" y="-148.272400" z="-18.757940"/>
                <normal x="0.137981" y="0.000000" z="0.990435"/>
                <texcoord v="4.333510" u="4.115824"/>
            </vertex>
            <vertex>
                <position x="-3.682554" y="-150.652603" z="0.000000"/>
                <normal x="0.134855" y="-0.363153" z="0.921918"/>
                <texcoord v="4.250901" u="1.551620"/>
            </vertex>
            <vertex>
                <position x="-3.682554" y="-198.272400" z="-18.757940"/>
                <normal x="0.134855" y="-0.363153" z="0.921918"/>
                <texcoord v="5.470986" u="2.011781"/>
            </vertex>
            <vertex>
                <position x="130.963104" y="-148.272400" z="-18.757940"/>
                <normal x="0.134855" y="-0.363153" z="0.921918"/>
                <texcoord v="5.470986" u="-1.975165"/>
            </vertex>
            <vertex>
                <position x="-3.682554" y="142.742493" z="9.068856"/>
                <normal x="0.679532" y="0.189882" z="0.708648"/>
                <texcoord v="1.461372" u="-3.843649"/>
            </vertex>
            <vertex>
                <position x="-3.682554" y="71.629089" z="28.123640"/>
                <normal x="0.679532" y="0.189882" z="0.708648"/>
                <texcoord v="0.780892" u="-1.942472"/>
            </vertex>
            <vertex>
                <position x="30.172588" y="100.842697" z="-12.168260"/>
                <normal x="0.679532" y="0.189882" z="0.708648"/>
                <texcoord v="2.219786" u="-2.470569"/>
            </vertex>
            <vertex>
                <position x="48.506710" y="173.503296" z="-18.757940"/>
                <normal x="0.142092" y="0.053785" z="0.988391"/>
                <texcoord v="3.731272" u="-4.027646"/>
            </vertex>
            <vertex>
                <position x="30.172588" y="100.842697" z="-12.168260"/>
                <normal x="0.142092" y="0.053785" z="0.988391"/>
                <texcoord v="2.638414" u="-2.321473"/>
            </vertex>
            <vertex>
                <position x="130.963104" y="-44.335407" z="-18.757940"/>
                <normal x="0.142092" y="0.053785" z="0.988391"/>
                <texcoord v="3.731272" u="2.437931"/>
            </vertex>
            <vertex>
                <position x="-3.682554" y="-33.329781" z="0.000000"/>
                <normal x="0.142092" y="0.053785" z="0.988391"/>
                <texcoord v="0.620381" u="0.829085"/>
            </vertex>
            <vertex>
                <position x="130.963104" y="-44.335407" z="-18.757940"/>
                <normal x="0.142092" y="0.053785" z="0.988391"/>
                <texcoord v="3.731272" u="2.437931"/>
            </vertex>
            <vertex>
                <position x="30.172588" y="100.842697" z="-12.168260"/>
                <normal x="0.142092" y="0.053785" z="0.988391"/>
                <texcoord v="2.638414" u="-2.321473"/>
            </vertex>
            <vertex>
                <position x="-3.682554" y="142.742493" z="9.068856"/>
                <normal x="0.000000" y="-0.125333" z="0.992115"/>
                <texcoord v="-2.596941" u="0.102222"/>
            </vertex>
            <vertex>
                <position x="-3.682554" y="212.659302" z="17.901400"/>
                <normal x="0.000000" y="-0.125333" z="0.992115"/>
                <texcoord v="-4.372624" u="0.102222"/>
            </vertex>
            <vertex>
                <position x="-156.832199" y="142.742493" z="9.068856"/>
                <normal x="0.000000" y="-0.125333" z="0.992115"/>
                <texcoord v="-2.596941" u="4.353430"/>
            </vertex>
            <vertex>
                <position x="-156.832199" y="212.659302" z="17.901400"/>
                <normal x="0.000000" y="-0.125333" z="0.992115"/>
                <texcoord v="-4.372624" u="4.353430"/>
            </vertex>
            <vertex>
                <position x="130.963104" y="-44.335407" z="-18.757940"/>
                <normal x="0.000000" y="-0.000000" z="1.000000"/>
                <texcoord v="2.117113" u="-3.635344"/>
            </vertex>
            <vertex>
                <position x="130.963104" y="-148.272400" z="-18.757940"/>
                <normal x="0.000000" y="-0.000000" z="1.000000"/>
                <texcoord v="4.735998" u="-3.635344"/>
            </vertex>
            <vertex>
                <position x="202.992889" y="91.709854" z="-18.757940"/>
                <normal x="0.000000" y="-0.000000" z="1.000000"/>
                <texcoord v="-1.310800" u="-5.634784"/>
            </vertex>
            <vertex>
                <position x="130.963104" y="-148.272400" z="-18.757940"/>
                <normal x="0.000000" y="-0.000000" z="1.000000"/>
                <texcoord v="4.735998" u="-3.635344"/>
            </vertex>
            <vertex>
                <position x="-3.682554" y="-198.272400" z="-18.757940"/>
                <normal x="0.000000" y="-0.000000" z="1.000000"/>
                <texcoord v="5.995840" u="0.102222"/>
            </vertex>
            <vertex>
                <position x="130.963104" y="-198.272400" z="-18.757940"/>
                <normal x="0.000000" y="-0.000000" z="1.000000"/>
                <texcoord v="5.995840" u="-3.635344"/>
            </vertex>
            <vertex>
                <position x="-3.682554" y="142.742493" z="9.068856"/>
                <normal x="0.490461" y="-0.044826" z="0.870309"/>
                <texcoord v="0.522136" u="-3.936572"/>
            </vertex>
            <vertex>
                <position x="30.172588" y="100.842697" z="-12.168260"/>
                <normal x="0.490461" y="-0.044826" z="0.870309"/>
                <texcoord v="1.608639" u="-2.863857"/>
            </vertex>
            <vertex>
                <position x="48.506710" y="173.503296" z="-18.757940"/>
                <normal x="0.490461" y="-0.044826" z="0.870309"/>
                <texcoord v="1.945770" u="-4.918758"/>
            </vertex>
            <vertex>
                <position x="48.506710" y="173.503296" z="-18.757940"/>
                <normal x="0.000000" y="0.000000" z="1.000000"/>
                <texcoord v="-3.371736" u="-1.346475"/>
            </vertex>
            <vertex>
                <position x="130.963104" y="-44.335407" z="-18.757940"/>
                <normal x="0.000000" y="0.000000" z="1.000000"/>
                <texcoord v="2.117113" u="-3.635344"/>
            </vertex>
            <vertex>
                <position x="202.992889" y="91.709854" z="-18.757940"/>
                <normal x="0.000000" y="0.000000" z="1.000000"/>
                <texcoord v="-1.310800" u="-5.634784"/>
            </vertex>
            <vertex>
                <position x="119.545799" y="212.659302" z="17.901400"/>
                <normal x="-0.000000" y="0.000000" z="1.000000"/>
                <texcoord v="-4.358344" u="-3.318415"/>
            </vertex>
            <vertex>
                <position x="119.545799" y="268.171082" z="17.901400"/>
                <normal x="-0.000000" y="0.000000" z="1.000000"/>
                <texcoord v="-5.757067" u="-3.318415"/>
            </vertex>
            <vertex>
                <position x="-3.682554" y="212.659302" z="17.901400"/>
                <normal x="-0.000000" y="0.000000" z="1.000000"/>
                <texcoord v="-4.358344" u="0.102222"/>
            </vertex>
            <vertex>
                <position x="-156.832199" y="212.659302" z="17.901400"/>
                <normal x="0.000000" y="0.000000" z="1.000000"/>
                <texcoord v="-4.358344" u="4.353430"/>
            </vertex>
            <vertex>
                <position x="-3.682554" y="212.659302" z="17.901400"/>
                <normal x="0.000000" y="0.000000" z="1.000000"/>
                <texcoord v="-4.358344" u="0.102222"/>
            </vertex>
            <vertex>
                <position x="119.545799" y="268.171082" z="17.901400"/>
                <normal x="0.000000" y="0.000000" z="1.000000"/>
                <texcoord v="-5.757067" u="-3.318415"/>
            </vertex>
            <vertex>
                <position x="-3.682554" y="212.659302" z="17.901400"/>
                <normal x="0.516294" y="-0.107337" z="0.849658"/>
                <texcoord v="-0.241744" u="-5.758722"/>
            </vertex>
            <vertex>
                <position x="-3.682554" y="142.742493" z="9.068856"/>
                <normal x="0.516294" y="-0.107337" z="0.849658"/>
                <texcoord v="0.180289" u="-3.858566"/>
            </vertex>
            <vertex>
                <position x="48.506710" y="173.503296" z="-18.757940"/>
                <normal x="0.516294" y="-0.107337" z="0.849658"/>
                <texcoord v="1.509897" u="-4.989440"/>
            </vertex>
            <vertex>
                <position x="202.992889" y="131.694290" z="4.112254"/>
                <normal x="-0.254236" y="-0.480184" z="0.839516"/>
                <texcoord v="-3.527476" u="-3.269330"/>
            </vertex>
            <vertex>
                <position x="48.506710" y="173.503296" z="-18.757940"/>
                <normal x="-0.254236" y="-0.480184" z="0.839516"/>
                <texcoord v="-2.466884" u="1.063604"/>
            </vertex>
            <vertex>
                <position x="202.992889" y="91.709854" z="-18.757940"/>
                <normal x="-0.254236" y="-0.480184" z="0.839516"/>
                <texcoord v="-2.466884" u="-3.788675"/>
            </vertex>
            <vertex>
                <position x="119.545799" y="268.171082" z="17.901400"/>
                <normal x="0.163033" y="-0.000000" z="0.986621"/>
                <texcoord v="3.898339" u="-7.444035"/>
            </vertex>
            <vertex>
                <position x="119.545799" y="212.659302" z="17.901400"/>
                <normal x="0.163033" y="-0.000000" z="0.986621"/>
                <texcoord v="3.898339" u="-5.903109"/>
            </vertex>
            <vertex>
                <position x="202.992889" y="131.694290" z="4.112254"/>
                <normal x="0.163033" y="-0.000000" z="0.986621"/>
                <texcoord v="6.029456" u="-3.655639"/>
            </vertex>
            <vertex>
                <position x="-3.682554" y="212.659302" z="17.901400"/>
                <normal x="0.000000" y="-0.683451" z="0.729997"/>
                <texcoord v="-3.219850" u="0.102222"/>
            </vertex>
            <vertex>
                <position x="48.506710" y="173.503296" z="-18.757940"/>
                <normal x="0.000000" y="-0.683451" z="0.729997"/>
                <texcoord v="-1.868326" u="-1.346475"/>
            </vertex>
            <vertex>
                <position x="119.545799" y="212.659302" z="17.901400"/>
                <normal x="0.000000" y="-0.683451" z="0.729997"/>
                <texcoord v="-3.219850" u="-3.318415"/>
            </vertex>
            <vertex>
                <position x="119.545799" y="212.659302" z="17.901400"/>
                <normal x="-0.238619" y="-0.396881" z="0.886310"/>
                <texcoord v="-4.654669" u="0.197747"/>
            </vertex>
            <vertex>
                <position x="48.506710" y="173.503296" z="-18.757940"/>
                <normal x="-0.238619" y="-0.396881" z="0.886310"/>
                <texcoord v="-2.660032" u="1.327693"/>
            </vertex>
            <vertex>
                <position x="202.992889" y="131.694290" z="4.112254"/>
                <normal x="-0.238619" y="-0.396881" z="0.886310"/>
                <texcoord v="-3.904401" u="-2.945502"/>
            </vertex>
        </vertexbuffer>
    </sharedgeometry>
    <submeshes>
        <submesh material="material" operationtype="triangle_list" use32bitindexes="False" usesharedvertices="true">
            <faces count="28">
                <face v2="1" v3="2" v1="0"/>
                <face v2="0" v3="3" v1="1"/>
                <face v2="5" v3="6" v1="4"/>
                <face v2="4" v3="7" v1="5"/>
                <face v2="9" v3="10" v1="8"/>
                <face v2="12" v3="13" v1="11"/>
                <face v2="11" v3="14" v1="12"/>
                <face v2="16" v3="17" v1="15"/>
                <face v2="19" v3="20" v1="18"/>
                <face v2="18" v3="21" v1="19"/>
                <face v2="23" v3="24" v1="22"/>
                <face v2="26" v3="27" v1="25"/>
                <face v2="29" v3="30" v1="28"/>
                <face v2="32" v3="33" v1="31"/>
                <face v2="35" v3="36" v1="34"/>
                <face v2="38" v3="39" v1="37"/>
                <face v2="37" v3="40" v1="38"/>
                <face v2="42" v3="43" v1="41"/>
                <face v2="45" v3="46" v1="44"/>
                <face v2="48" v3="49" v1="47"/>
                <face v2="51" v3="52" v1="50"/>
                <face v2="54" v3="55" v1="53"/>
                <face v2="57" v3="58" v1="56"/>
                <face v2="60" v3="61" v1="59"/>
                <face v2="63" v3="64" v1="62"/>
                <face v2="66" v3="67" v1="65"/>
                <face v2="69" v3="70" v1="68"/>
                <face v2="72" v3="73" v1="71"/>
            </faces>
        </submesh>
        <submesh material="Grass_Dark_Green" operationtype="triangle_list" use32bitindexes="False" usesharedvertices="true">
            <faces count="28">
                <face v2="75" v3="76" v1="74"/>
                <face v2="76" v3="75" v1="77"/>
                <face v2="79" v3="80" v1="78"/>
                <face v2="80" v3="79" v1="81"/>
                <face v2="83" v3="84" v1="82"/>
                <face v2="86" v3="87" v1="85"/>
                <face v2="87" v3="86" v1="88"/>
                <face v2="90" v3="91" v1="89"/>
                <face v2="93" v3="94" v1="92"/>
                <face v2="94" v3="93" v1="95"/>
                <face v2="97" v3="98" v1="96"/>
                <face v2="100" v3="101" v1="99"/>
                <face v2="103" v3="104" v1="102"/>
                <face v2="106" v3="107" v1="105"/>
                <face v2="109" v3="110" v1="108"/>
                <face v2="112" v3="113" v1="111"/>
                <face v2="113" v3="112" v1="114"/>
                <face v2="116" v3="117" v1="115"/>
                <face v2="119" v3="120" v1="118"/>
                <face v2="122" v3="123" v1="121"/>
                <face v2="125" v3="126" v1="124"/>
                <face v2="128" v3="129" v1="127"/>
                <face v2="131" v3="132" v1="130"/>
                <face v2="134" v3="135" v1="133"/>
                <face v2="137" v3="138" v1="136"/>
                <face v2="140" v3="141" v1="139"/>
                <face v2="143" v3="144" v1="142"/>
                <face v2="146" v3="147" v1="145"/>
            </faces>
        </submesh>
    </submeshes>
    <submeshnames>
        <submesh index="0" name="material">
        </submesh>
        <submesh index="1" name="Grass_Dark_Green">
        </submesh>
    </submeshnames>
</mesh>