<?xml version="1.0" encoding="UTF-8"?>
<AnimationGraph>
	<Node type="LoopController" name="Loop_2"/>
	<Node type="SkeletonState" name="Skeleton_3">
		<Property key="StateName" value="Walk"/>
	</Node>
	<Node type="FadeController" name="Fade_2"/>
	<Node type="Group2Controller" name="Group2_1"/>
	<Node type="EventController" name="Event_2"/>
	<Node type="EventController" name="Event_3"/>
	<Node type="FadeController" name="Fade_4"/>
	<Node type="LoopController" name="Loop_5"/>
	<Node type="SkeletonState" name="Skeleton_6">
		<Property key="StateName" value="Idle"/>
	</Node>
	<Connections node="Loop_2">
		<Connection node="Skeleton_3" from="Start" to="Start"/>
		<Connection node="Skeleton_3" from="Stop" to="Stop"/>
		<Connection node="Skeleton_3" from="Weight" to="Weight"/>
		<Connection node="Skeleton_3" from="Position" to="Position"/>
	</Connections>
	<Connections node="Fade_2">
		<Connection node="Loop_2" from="Start" to="Start"/>
		<Connection node="Loop_2" from="Stop" to="Stop"/>
		<Connection node="Loop_2" from="Weight" to="Weight"/>
	</Connections>
	<Connections node="Group2_1">
		<Connection node="Fade_2" from="Start1" to="Start"/>
		<Connection node="Fade_2" from="Stop1" to="Stop"/>
		<Connection node="Fade_4" from="Start2" to="Start"/>
		<Connection node="Fade_4" from="Stop2" to="Stop"/>
	</Connections>
	<Connections node="Event_2">
		<Connection node="Group2_1" from="Event" to="Start1"/>
	</Connections>
	<Connections node="Event_3">
		<Connection node="Group2_1" from="Event" to="Start2"/>
	</Connections>
	<Connections node="Fade_4">
		<Connection node="Loop_5" from="Start" to="Start"/>
		<Connection node="Loop_5" from="Stop" to="Stop"/>
		<Connection node="Loop_5" from="Weight" to="Weight"/>
	</Connections>
	<Connections node="Loop_5">
		<Connection node="Skeleton_6" from="Start" to="Start"/>
		<Connection node="Skeleton_6" from="Stop" to="Stop"/>
		<Connection node="Skeleton_6" from="Weight" to="Weight"/>
		<Connection node="Skeleton_6" from="Position" to="Position"/>
	</Connections>
	<EditorData>
		<Node name="Loop_2" coord="406 0 110 142"/>
		<Node name="Skeleton_3" coord="542 3 110 122"/>
		<Node name="Fade_2" coord="267 2 110 114"/>
		<Node name="Group2_1" coord="128 167 110 132"/>
		<Node name="Event_2" coord="0 4 100 86"/>
		<Node name="Event_3" coord="6 323 100 86"/>
		<Node name="Fade_4" coord="264 430 110 114"/>
		<Node name="Loop_5" coord="407 430 110 142"/>
		<Node name="Skeleton_6" coord="546 428 110 122"/>
	</EditorData>
</AnimationGraph>
