<?xml version="1.0" encoding="UTF-8"?>
<Document>
	<DataInfos>
		<DataInfo>
			<Type>Root</Type>
			<Childs>
				<Child>
					<Type>ResourceSkin</Type>
				</Child>
			</Childs>
		</DataInfo>
		<DataInfo>
			<Type>ResourceSkin</Type>
			<Properties>
				<Property>
					<Name>Name</Name>
					<Type>String</Type>
				</Property>
				<Property>
					<Name>Size</Name>
					<Type>IntSize</Type>
				</Property>
				<Property>
					<Name>Texture</Name>
					<Type>Texture</Type>
				</Property>
			</Properties>
			<Childs>
				<Child>
					<Type>State</Type>
					<Type>Separator</Type>
					<Type>Region</Type>
				</Child>
			</Childs>
		</DataInfo>
		<DataInfo>
			<Type>State</Type>
			<Properties>
				<Property>
					<Name>Name</Name>
					<Type>String</Type>
				</Property>
				<Property>
					<Name>Offset</Name>
					<Type>IntCoord</Type>
				</Property>
			</Properties>
		</DataInfo>
		<DataInfo>
			<Type>Separator</Type>
			<Properties>
				<Property>
					<Name>Offset</Name>
					<Type>int</Type>
				</Property>
			</Properties>
			<Depending>
				<Dependence>Region</Dependence>
			</Depending>
		</DataInfo>
		<DataInfo>
			<Type>Region</Type>
			<Properties>
				<Property>
					<Name>Type</Name>
					<Type>String</Type>
				</Property>
				<Property>
					<Name>Offset</Name>
					<Type>IntCoord</Type>
				</Property>
				<Property>
					<Name>Align</Name>
					<Type>Align</Type>
				</Property>
			</Properties>
		</DataInfo>
	</DataInfos>
</Document>
