<?xml version="1.0" encoding="UTF-8"?>
<Document>
	<DataTypes>
		<DataType>
			<Name>Root</Name>
			<Childs>
				<Child>
					<Type>Image</Type>
				</Child>
			</Childs>
		</DataType>
		<DataType>
			<Name>Image</Name>
			<Properties>
				<Property>
					<Name>Name</Name>
					<Type>PropertyStringControl</Type>
					<Initialisator>UniqueNamePropertyInitialisator</Initialisator>
					<Default>unnamed</Default>
					<Visible>true</Visible>
					<ReadOnly>false</ReadOnly>
					<Action>ActionRenameData</Action>
				</Property>
				<Property>
					<Name>UniqueName</Name>
					<Type>PropertyBoolControl</Type>
					<Initialisator/>
					<Default>True</Default>
					<Visible>false</Visible>
					<ReadOnly>true</ReadOnly>
					<Action>ChangeValueAction</Action>
				</Property>
			</Properties>
			<Childs>
				<Child>
					<Type>Group</Type>
				</Child>
			</Childs>
		</DataType>
		<DataType>
			<Name>Group</Name>
			<Properties>
				<Property>
					<Name>Name</Name>
					<Type>PropertyStringControl</Type>
					<Initialisator>UniqueNamePropertyInitialisator</Initialisator>
					<Default>unnamed</Default>
					<Visible>true</Visible>
					<ReadOnly>false</ReadOnly>
					<Action>ActionRenameData</Action>
				</Property>
				<Property>
					<Name>UniqueName</Name>
					<Type>PropertyBoolControl</Type>
					<Initialisator/>
					<Default>True</Default>
					<Visible>false</Visible>
					<ReadOnly>true</ReadOnly>
					<Action>ChangeValueAction</Action>
				</Property>
				<Property>
					<Name>Texture</Name>
					<Type>PropertyTexturesControl</Type>
					<Initialisator>TexturePropertyInitialisator</Initialisator>
					<Default/>
					<Visible>true</Visible>
					<ReadOnly>false</ReadOnly>
					<Action>ChangeTextureValueAction</Action>
				</Property>
				<Property>
					<Name>Size</Name>
					<Type>PropertyInt4Control</Type>
					<Initialisator/>
					<Default>0 0 16 16</Default>
					<Visible>true</Visible>
					<ReadOnly>false</ReadOnly>
					<Action>ChangeValueAction</Action>
				</Property>
			</Properties>
			<Childs>
				<Child>
					<Type>Index</Type>
				</Child>
			</Childs>
		</DataType>
		<DataType>
			<Name>Index</Name>
			<Properties>
				<Property>
					<Name>Name</Name>
					<Type>PropertyStringControl</Type>
					<Initialisator>UniqueNamePropertyInitialisator</Initialisator>
					<Default>unnamed</Default>
					<Visible>true</Visible>
					<ReadOnly>false</ReadOnly>
					<Action>ActionRenameData</Action>
				</Property>
				<Property>
					<Name>UniqueName</Name>
					<Type>PropertyBoolControl</Type>
					<Initialisator/>
					<Default>True</Default>
					<Visible>false</Visible>
					<ReadOnly>true</ReadOnly>
					<Action>ChangeValueAction</Action>
				</Property>
				<Property>
					<Name>Rate</Name>
					<Type>PropertyFloatControl</Type>
					<Initialisator/>
					<Default>0</Default>
					<Visible>true</Visible>
					<ReadOnly>false</ReadOnly>
					<Action>ChangeValueAction</Action>
				</Property>
			</Properties>
			<Childs>
				<Child>
					<Type>Frame</Type>
				</Child>
			</Childs>
		</DataType>
		<DataType>
			<Name>Frame</Name>
			<Properties>
				<Property>
					<Name>Point</Name>
					<Type>PropertyInt2Control</Type>
					<Initialisator/>
					<Default>0 0</Default>
					<Visible>true</Visible>
					<ReadOnly>false</ReadOnly>
					<Action>ChangeValueAction</Action>
				</Property>
				<Property>
					<Name>Count</Name>
					<Type>PropertyIntControl</Type>
					<Initialisator/>
					<Default>1</Default>
					<Visible>true</Visible>
					<ReadOnly>false</ReadOnly>
					<Action>ChangeValueAction</Action>
				</Property>
			</Properties>
		</DataType>
	</DataTypes>
</Document>
