<?xml version="1.0" encoding="UTF-8"?>
<mesh>
    <sharedgeometry vertexcount="289">
        <vertexbuffer positions="true" texture_coords="0" colours_diffuse="False" normals="true">
            <vertex>
                <position z="0.067132" y="0.875000" x="1.169881"/>
                <normal z="0.943724" y="0.233833" x="0.233833"/>
            </vertex>
            <vertex>
                <position z="0.000000" y="0.875000" x="1.294881"/>
                <normal z="0.921293" y="0.127354" x="0.367412"/>
            </vertex>
            <vertex>
                <position z="0.000000" y="1.000000" x="1.294881"/>
                <normal z="0.934843" y="0.251015" x="0.251015"/>
            </vertex>
            <vertex>
                <position z="0.000000" y="1.000000" x="1.169881"/>
                <normal z="0.921293" y="0.367412" x="0.127354"/>
            </vertex>
            <vertex>
                <position z="0.070183" y="0.875000" x="0.169881"/>
                <normal z="0.824244" y="0.373302" x="-0.425703"/>
            </vertex>
            <vertex>
                <position z="0.163614" y="0.875000" x="0.294881"/>
                <normal z="0.848506" y="0.489883" x="-0.200018"/>
            </vertex>
            <vertex>
                <position z="0.000000" y="1.000000" x="0.294881"/>
                <normal z="0.663961" y="0.735771" x="-0.133274"/>
            </vertex>
            <vertex>
                <position z="0.000000" y="1.000000" x="0.169881"/>
                <normal z="0.839229" y="0.472427" x="-0.269234"/>
            </vertex>
            <vertex>
                <position z="0.000000" y="-0.125000" x="0.169881"/>
                <normal z="0.999969" y="-0.006745" x="0.000000"/>
            </vertex>
            <vertex>
                <position z="0.000000" y="-0.125000" x="0.294881"/>
                <normal z="0.999969" y="-0.003357" x="0.003357"/>
            </vertex>
            <vertex>
                <position z="0.000000" y="0.000000" x="0.294881"/>
                <normal z="0.999695" y="-0.023652" x="0.006745"/>
            </vertex>
            <vertex>
                <position z="0.003376" y="0.000000" x="0.169881"/>
                <normal z="0.999847" y="-0.011811" x="-0.011811"/>
            </vertex>
            <vertex>
                <position z="0.067132" y="-0.125000" x="1.169881"/>
                <normal z="0.942015" y="0.000000" x="0.335490"/>
            </vertex>
            <vertex>
                <position z="0.000000" y="-0.125000" x="1.294881"/>
                <normal z="0.880978" y="0.000000" x="0.473128"/>
            </vertex>
            <vertex>
                <position z="0.000000" y="0.000000" x="1.294881"/>
                <normal z="0.880978" y="0.000000" x="0.473128"/>
            </vertex>
            <vertex>
                <position z="0.067132" y="0.000000" x="1.169881"/>
                <normal z="0.942015" y="0.000000" x="0.335490"/>
            </vertex>
            <vertex>
                <position z="0.000000" y="-0.125000" x="0.669881"/>
                <normal z="0.999756" y="0.000000" x="0.021088"/>
            </vertex>
            <vertex>
                <position z="0.000000" y="-0.125000" x="0.794881"/>
                <normal z="0.969787" y="0.000000" x="-0.243934"/>
            </vertex>
            <vertex>
                <position z="0.000000" y="0.000000" x="0.794881"/>
                <normal z="0.969787" y="0.000458" x="-0.243904"/>
            </vertex>
            <vertex>
                <position z="0.000000" y="0.000000" x="0.669881"/>
                <normal z="0.999878" y="0.010773" x="0.010773"/>
            </vertex>
            <vertex>
                <position z="0.040801" y="-0.625000" x="0.669881"/>
                <normal z="0.990966" y="0.132206" x="-0.021577"/>
            </vertex>
            <vertex>
                <position z="0.039236" y="-0.625000" x="0.794881"/>
                <normal z="0.987335" y="0.067446" x="-0.143376"/>
            </vertex>
            <vertex>
                <position z="0.026004" y="-0.500000" x="0.794881"/>
                <normal z="0.973449" y="0.061953" x="-0.220283"/>
            </vertex>
            <vertex>
                <position z="0.000000" y="-0.500000" x="0.669881"/>
                <normal z="0.990844" y="0.117557" x="-0.066256"/>
            </vertex>
            <vertex>
                <position z="0.067132" y="-0.625000" x="1.169881"/>
                <normal z="0.948302" y="-0.026185" x="0.316233"/>
            </vertex>
            <vertex>
                <position z="0.000000" y="-0.625000" x="1.294881"/>
                <normal z="0.880978" y="0.000000" x="0.473128"/>
            </vertex>
            <vertex>
                <position z="0.000000" y="-0.500000" x="1.294881"/>
                <normal z="0.880978" y="0.000000" x="0.473128"/>
            </vertex>
            <vertex>
                <position z="0.067132" y="-0.500000" x="1.169881"/>
                <normal z="0.942015" y="0.000000" x="0.335490"/>
            </vertex>
            <vertex>
                <position z="0.000000" y="-0.125000" x="-0.330119"/>
                <normal z="1.000000" y="0.000000" x="0.000000"/>
            </vertex>
            <vertex>
                <position z="0.000000" y="-0.125000" x="-0.205119"/>
                <normal z="1.000000" y="0.000000" x="0.000000"/>
            </vertex>
            <vertex>
                <position z="0.000000" y="0.000000" x="-0.205119"/>
                <normal z="1.000000" y="0.000000" x="0.000000"/>
            </vertex>
            <vertex>
                <position z="0.000000" y="0.000000" x="-0.330119"/>
                <normal z="1.000000" y="0.000000" x="0.000000"/>
            </vertex>
            <vertex>
                <position z="0.040801" y="-0.625000" x="-0.330119"/>
                <normal z="0.985412" y="0.137364" x="-0.100314"/>
            </vertex>
            <vertex>
                <position z="0.040801" y="-0.625000" x="-0.205119"/>
                <normal z="0.987579" y="0.157079" x="0.000000"/>
            </vertex>
            <vertex>
                <position z="0.000000" y="-0.500000" x="-0.205119"/>
                <normal z="0.987579" y="0.157079" x="0.000000"/>
            </vertex>
            <vertex>
                <position z="0.000000" y="-0.500000" x="-0.330119"/>
                <normal z="0.992096" y="0.118625" x="-0.040193"/>
            </vertex>
            <vertex>
                <position z="0.040801" y="-0.625000" x="0.169881"/>
                <normal z="0.987579" y="0.157079" x="0.000000"/>
            </vertex>
            <vertex>
                <position z="0.040801" y="-0.625000" x="0.294881"/>
                <normal z="0.987579" y="0.157079" x="0.000000"/>
            </vertex>
            <vertex>
                <position z="0.000000" y="-0.500000" x="0.294881"/>
                <normal z="0.987579" y="0.157079" x="0.000000"/>
            </vertex>
            <vertex>
                <position z="0.000000" y="-0.500000" x="0.169881"/>
                <normal z="0.987579" y="0.157079" x="0.000000"/>
            </vertex>
            <vertex>
                <position z="0.000000" y="0.875000" x="-0.330119"/>
                <normal z="0.994842" y="0.071688" x="-0.071688"/>
            </vertex>
            <vertex>
                <position z="0.024131" y="0.875000" x="-0.205119"/>
                <normal z="0.997101" y="0.072054" x="0.023927"/>
            </vertex>
            <vertex>
                <position z="0.000000" y="1.000000" x="-0.205119"/>
                <normal z="0.995361" y="0.096072" x="0.000000"/>
            </vertex>
            <vertex>
                <position z="0.000000" y="1.000000" x="-0.330119"/>
                <normal z="0.997681" y="0.047914" x="-0.047914"/>
            </vertex>
            <vertex>
                <position z="0.000000" y="0.375000" x="-0.330119"/>
                <normal z="1.000000" y="0.000000" x="0.000000"/>
            </vertex>
            <vertex>
                <position z="0.000000" y="0.375000" x="-0.205119"/>
                <normal z="1.000000" y="0.000000" x="0.000000"/>
            </vertex>
            <vertex>
                <position z="0.000000" y="0.500000" x="-0.205119"/>
                <normal z="1.000000" y="0.000000" x="0.000000"/>
            </vertex>
            <vertex>
                <position z="0.000000" y="0.500000" x="-0.330119"/>
                <normal z="1.000000" y="0.000000" x="0.000000"/>
            </vertex>
            <vertex>
                <position z="0.000000" y="0.375000" x="0.169881"/>
                <normal z="0.888668" y="-0.329417" x="-0.318888"/>
            </vertex>
            <vertex>
                <position z="0.120764" y="0.375000" x="0.294881"/>
                <normal z="0.837886" y="-0.514206" x="-0.182928"/>
            </vertex>
            <vertex>
                <position z="0.163614" y="0.500000" x="0.294881"/>
                <normal z="0.937803" y="-0.295267" x="-0.182501"/>
            </vertex>
            <vertex>
                <position z="0.130205" y="0.500000" x="0.169881"/>
                <normal z="0.822443" y="-0.256264" x="-0.507797"/>
            </vertex>
            <vertex>
                <position z="0.148223" y="0.875000" x="0.669881"/>
                <normal z="0.899503" y="0.423811" x="0.106082"/>
            </vertex>
            <vertex>
                <position z="0.120777" y="0.875000" x="0.794881"/>
                <normal z="0.912320" y="0.406598" x="0.047945"/>
            </vertex>
            <vertex>
                <position z="0.000000" y="1.000000" x="0.794881"/>
                <normal z="0.692373" y="0.721152" x="0.022431"/>
            </vertex>
            <vertex>
                <position z="0.000000" y="1.000000" x="0.669881"/>
                <normal z="0.662404" y="0.748192" x="0.037294"/>
            </vertex>
            <vertex>
                <position z="0.000000" y="0.375000" x="0.669881"/>
                <normal z="0.902676" y="-0.417554" x="0.103793"/>
            </vertex>
            <vertex>
                <position z="0.000000" y="0.375000" x="0.794881"/>
                <normal z="0.923002" y="-0.344493" x="-0.171361"/>
            </vertex>
            <vertex>
                <position z="0.120777" y="0.500000" x="0.794881"/>
                <normal z="0.929472" y="-0.368694" x="-0.010346"/>
            </vertex>
            <vertex>
                <position z="0.148223" y="0.500000" x="0.669881"/>
                <normal z="0.905118" y="-0.400708" x="0.142064"/>
            </vertex>
            <vertex>
                <position z="0.067132" y="0.375000" x="1.169881"/>
                <normal z="0.955718" y="-0.047670" x="0.290323"/>
            </vertex>
            <vertex>
                <position z="0.000000" y="0.375000" x="1.294881"/>
                <normal z="0.880978" y="0.000000" x="0.473128"/>
            </vertex>
            <vertex>
                <position z="0.000000" y="0.500000" x="1.294881"/>
                <normal z="0.880978" y="0.000000" x="0.473128"/>
            </vertex>
            <vertex>
                <position z="0.067132" y="0.500000" x="1.169881"/>
                <normal z="0.924986" y="-0.046968" x="0.376995"/>
            </vertex>
            <vertex>
                <position z="0.067132" y="0.375000" x="0.919881"/>
                <normal z="0.945219" y="-0.273904" x="-0.177404"/>
            </vertex>
            <vertex>
                <position z="0.067132" y="0.375000" x="1.044881"/>
                <normal z="0.986480" y="-0.151463" x="0.062166"/>
            </vertex>
            <vertex>
                <position z="0.115298" y="0.500000" x="1.044881"/>
                <normal z="0.970550" y="-0.153233" x="0.185766"/>
            </vertex>
            <vertex>
                <position z="0.131322" y="0.500000" x="0.919881"/>
                <normal z="0.966216" y="-0.255013" x="-0.036531"/>
            </vertex>
            <vertex>
                <position z="0.067132" y="0.125000" x="0.919881"/>
                <normal z="0.941069" y="0.031434" x="-0.336650"/>
            </vertex>
            <vertex>
                <position z="0.095583" y="0.118908" x="1.023081"/>
                <normal z="0.998047" y="0.054048" x="-0.030335"/>
            </vertex>
            <vertex>
                <position z="0.067132" y="0.250000" x="1.044881"/>
                <normal z="0.998474" y="0.055025" x="0.001068"/>
            </vertex>
            <vertex>
                <position z="0.067132" y="0.250000" x="0.919881"/>
                <normal z="0.961333" y="0.030457" x="-0.273629"/>
            </vertex>
            <vertex>
                <position z="0.067132" y="0.125000" x="1.169881"/>
                <normal z="0.949004" y="0.026399" x="0.314035"/>
            </vertex>
            <vertex>
                <position z="0.000000" y="0.125000" x="1.294881"/>
                <normal z="0.880978" y="0.000000" x="0.473128"/>
            </vertex>
            <vertex>
                <position z="0.000000" y="0.250000" x="1.294881"/>
                <normal z="0.880978" y="0.000000" x="0.473128"/>
            </vertex>
            <vertex>
                <position z="0.067132" y="0.250000" x="1.169881"/>
                <normal z="0.962828" y="0.026002" x="0.268838"/>
            </vertex>
            <vertex>
                <position z="0.101956" y="0.375000" x="0.419881"/>
                <normal z="0.836726" y="-0.530656" x="0.135075"/>
            </vertex>
            <vertex>
                <position z="0.047953" y="0.375000" x="0.544881"/>
                <normal z="0.844447" y="-0.503464" x="0.182745"/>
            </vertex>
            <vertex>
                <position z="0.148223" y="0.500000" x="0.544881"/>
                <normal z="0.907285" y="-0.393780" x="0.147465"/>
            </vertex>
            <vertex>
                <position z="0.163614" y="0.500000" x="0.419881"/>
                <normal z="0.942534" y="-0.317820" x="0.102878"/>
            </vertex>
            <vertex>
                <position z="0.000000" y="0.125000" x="0.419881"/>
                <normal z="0.999695" y="0.000000" x="0.023621"/>
            </vertex>
            <vertex>
                <position z="0.000000" y="0.125000" x="0.544881"/>
                <normal z="1.000000" y="0.000000" x="0.000000"/>
            </vertex>
            <vertex>
                <position z="0.000000" y="0.250000" x="0.544881"/>
                <normal z="0.979522" y="-0.177648" x="0.094455"/>
            </vertex>
            <vertex>
                <position z="0.000000" y="0.250000" x="0.419881"/>
                <normal z="0.951598" y="-0.297830" x="0.075747"/>
            </vertex>
            <vertex>
                <position z="0.000000" y="0.125000" x="0.669881"/>
                <normal z="0.999969" y="0.000000" x="0.000488"/>
            </vertex>
            <vertex>
                <position z="-0.000247" y="0.125000" x="0.794881"/>
                <normal z="0.969817" y="0.000000" x="-0.243751"/>
            </vertex>
            <vertex>
                <position z="0.000000" y="0.250000" x="0.794881"/>
                <normal z="0.969787" y="-0.000458" x="-0.243904"/>
            </vertex>
            <vertex>
                <position z="0.000000" y="0.250000" x="0.669881"/>
                <normal z="0.997803" y="-0.046815" x="0.046815"/>
            </vertex>
            <vertex>
                <position z="0.163614" y="0.875000" x="0.419881"/>
                <normal z="0.860225" y="0.508255" x="0.040742"/>
            </vertex>
            <vertex>
                <position z="0.148223" y="0.875000" x="0.544881"/>
                <normal z="0.866634" y="0.494827" x="0.063570"/>
            </vertex>
            <vertex>
                <position z="0.000000" y="1.000000" x="0.544881"/>
                <normal z="0.634999" y="0.772240" x="0.019227"/>
            </vertex>
            <vertex>
                <position z="0.000000" y="1.000000" x="0.419881"/>
                <normal z="0.616199" y="0.787317" x="0.019227"/>
            </vertex>
            <vertex>
                <position z="0.183627" y="0.625000" x="0.419881"/>
                <normal z="0.994720" y="-0.086459" x="0.055025"/>
            </vertex>
            <vertex>
                <position z="0.173103" y="0.625000" x="0.544881"/>
                <normal z="0.990326" y="-0.068941" x="0.120304"/>
            </vertex>
            <vertex>
                <position z="0.173103" y="0.750000" x="0.544881"/>
                <normal z="0.990326" y="0.068941" x="0.120304"/>
            </vertex>
            <vertex>
                <position z="0.183627" y="0.750000" x="0.419881"/>
                <normal z="0.994720" y="0.086459" x="0.055025"/>
            </vertex>
            <vertex>
                <position z="0.148223" y="0.625000" x="0.669881"/>
                <normal z="0.983154" y="-0.024659" x="0.181036"/>
            </vertex>
            <vertex>
                <position z="0.120777" y="0.625000" x="0.794881"/>
                <normal z="0.997803" y="0.000000" x="0.065920"/>
            </vertex>
            <vertex>
                <position z="0.120777" y="0.750000" x="0.794881"/>
                <normal z="0.997803" y="0.000000" x="0.065920"/>
            </vertex>
            <vertex>
                <position z="0.148223" y="0.750000" x="0.669881"/>
                <normal z="0.983154" y="0.024659" x="0.181036"/>
            </vertex>
            <vertex>
                <position z="0.000000" y="0.375000" x="-0.080119"/>
                <normal z="1.000000" y="0.000000" x="0.000000"/>
            </vertex>
            <vertex>
                <position z="0.000000" y="0.375000" x="0.044881"/>
                <normal z="0.988067" y="-0.108890" x="-0.108890"/>
            </vertex>
            <vertex>
                <position z="0.000000" y="0.500000" x="0.044881"/>
                <normal z="0.944578" y="-0.113224" x="-0.308054"/>
            </vertex>
            <vertex>
                <position z="0.000000" y="0.500000" x="-0.080119"/>
                <normal z="1.000000" y="0.000000" x="0.000000"/>
            </vertex>
            <vertex>
                <position z="0.000000" y="0.125000" x="-0.080119"/>
                <normal z="1.000000" y="0.000000" x="0.000000"/>
            </vertex>
            <vertex>
                <position z="0.000000" y="0.125000" x="0.044881"/>
                <normal z="0.999969" y="0.003357" x="-0.003357"/>
            </vertex>
            <vertex>
                <position z="0.000000" y="0.250000" x="0.044881"/>
                <normal z="1.000000" y="0.000000" x="0.000000"/>
            </vertex>
            <vertex>
                <position z="0.000000" y="0.250000" x="-0.080119"/>
                <normal z="1.000000" y="0.000000" x="0.000000"/>
            </vertex>
            <vertex>
                <position z="0.000000" y="0.125000" x="0.169881"/>
                <normal z="0.999695" y="0.006745" x="-0.023652"/>
            </vertex>
            <vertex>
                <position z="0.011840" y="0.125000" x="0.294881"/>
                <normal z="0.999969" y="0.003357" x="0.003357"/>
            </vertex>
            <vertex>
                <position z="0.000000" y="0.250000" x="0.294881"/>
                <normal z="0.960906" y="-0.260903" x="-0.092349"/>
            </vertex>
            <vertex>
                <position z="0.000000" y="0.250000" x="0.169881"/>
                <normal z="0.989135" y="-0.090945" x="-0.115390"/>
            </vertex>
            <vertex>
                <position z="0.000000" y="0.375000" x="-0.580119"/>
                <normal z="1.000000" y="0.000000" x="0.000000"/>
            </vertex>
            <vertex>
                <position z="0.000000" y="0.375000" x="-0.455119"/>
                <normal z="1.000000" y="0.000000" x="0.000000"/>
            </vertex>
            <vertex>
                <position z="0.000000" y="0.500000" x="-0.455119"/>
                <normal z="1.000000" y="0.000000" x="0.000000"/>
            </vertex>
            <vertex>
                <position z="0.000000" y="0.500000" x="-0.580119"/>
                <normal z="1.000000" y="0.000000" x="0.000000"/>
            </vertex>
            <vertex>
                <position z="0.000000" y="0.125000" x="-0.580119"/>
                <normal z="1.000000" y="0.000000" x="0.000000"/>
            </vertex>
            <vertex>
                <position z="0.000000" y="0.125000" x="-0.455119"/>
                <normal z="1.000000" y="0.000000" x="0.000000"/>
            </vertex>
            <vertex>
                <position z="0.000000" y="0.250000" x="-0.455119"/>
                <normal z="1.000000" y="0.000000" x="0.000000"/>
            </vertex>
            <vertex>
                <position z="0.000000" y="0.250000" x="-0.580119"/>
                <normal z="1.000000" y="0.000000" x="0.000000"/>
            </vertex>
            <vertex>
                <position z="0.000000" y="0.125000" x="-0.330119"/>
                <normal z="1.000000" y="0.000000" x="0.000000"/>
            </vertex>
            <vertex>
                <position z="0.000000" y="0.125000" x="-0.205119"/>
                <normal z="1.000000" y="0.000000" x="0.000000"/>
            </vertex>
            <vertex>
                <position z="0.000000" y="0.250000" x="-0.205119"/>
                <normal z="1.000000" y="0.000000" x="0.000000"/>
            </vertex>
            <vertex>
                <position z="0.000000" y="0.250000" x="-0.330119"/>
                <normal z="1.000000" y="0.000000" x="0.000000"/>
            </vertex>
            <vertex>
                <position z="0.007414" y="0.875000" x="-0.580119"/>
                <normal z="1.000000" y="0.000000" x="0.000000"/>
            </vertex>
            <vertex>
                <position z="0.000000" y="0.875000" x="-0.455119"/>
                <normal z="0.999664" y="0.023957" x="-0.009095"/>
            </vertex>
            <vertex>
                <position z="0.000000" y="1.000000" x="-0.455119"/>
                <normal z="0.999756" y="0.014801" x="0.014801"/>
            </vertex>
            <vertex>
                <position z="0.000000" y="1.000000" x="-0.580119"/>
                <normal z="0.999542" y="0.029633" x="0.000000"/>
            </vertex>
            <vertex>
                <position z="0.000000" y="0.625000" x="-0.580119"/>
                <normal z="1.000000" y="0.000000" x="0.000000"/>
            </vertex>
            <vertex>
                <position z="0.000000" y="0.625000" x="-0.455119"/>
                <normal z="0.999420" y="-0.023927" x="-0.023927"/>
            </vertex>
            <vertex>
                <position z="0.000000" y="0.750000" x="-0.455119"/>
                <normal z="0.999146" y="-0.007416" x="-0.040559"/>
            </vertex>
            <vertex>
                <position z="0.000000" y="0.750000" x="-0.580119"/>
                <normal z="0.999878" y="-0.014801" x="0.000000"/>
            </vertex>
            <vertex>
                <position z="0.000000" y="0.625000" x="-0.330119"/>
                <normal z="0.997131" y="-0.071566" x="-0.023988"/>
            </vertex>
            <vertex>
                <position z="0.000000" y="0.625000" x="-0.205119"/>
                <normal z="0.997131" y="-0.071566" x="0.023988"/>
            </vertex>
            <vertex>
                <position z="0.024131" y="0.750000" x="-0.205119"/>
                <normal z="0.997711" y="-0.047639" x="0.047639"/>
            </vertex>
            <vertex>
                <position z="0.024131" y="0.750000" x="-0.330119"/>
                <normal z="0.997101" y="-0.023927" x="-0.072054"/>
            </vertex>
            <vertex>
                <position z="0.040801" y="-0.625000" x="-0.080119"/>
                <normal z="0.987579" y="0.157079" x="0.000000"/>
            </vertex>
            <vertex>
                <position z="0.040801" y="-0.625000" x="0.044881"/>
                <normal z="0.987579" y="0.157079" x="0.000000"/>
            </vertex>
            <vertex>
                <position z="0.000000" y="-0.500000" x="0.044881"/>
                <normal z="0.987579" y="0.157079" x="0.000000"/>
            </vertex>
            <vertex>
                <position z="0.000000" y="-0.500000" x="-0.080119"/>
                <normal z="0.987579" y="0.157079" x="0.000000"/>
            </vertex>
            <vertex>
                <position z="0.013532" y="-0.875000" x="-0.080119"/>
                <normal z="0.986663" y="-0.160436" x="0.026673"/>
            </vertex>
            <vertex>
                <position z="0.000000" y="-0.875000" x="0.044881"/>
                <normal z="0.987121" y="-0.157567" x="0.026643"/>
            </vertex>
            <vertex>
                <position z="0.040801" y="-0.750000" x="0.044881"/>
                <normal z="0.989380" y="-0.144719" x="0.013153"/>
            </vertex>
            <vertex>
                <position z="0.040801" y="-0.750000" x="-0.080119"/>
                <normal z="0.992706" y="-0.119785" x="0.013123"/>
            </vertex>
            <vertex>
                <position z="0.000000" y="-0.875000" x="0.169881"/>
                <normal z="0.986877" y="-0.157689" x="-0.034516"/>
            </vertex>
            <vertex>
                <position z="0.017572" y="-0.875000" x="0.294881"/>
                <normal z="0.986358" y="-0.160894" x="-0.034577"/>
            </vertex>
            <vertex>
                <position z="0.040801" y="-0.750000" x="0.294881"/>
                <normal z="0.993957" y="-0.108249" x="-0.017090"/>
            </vertex>
            <vertex>
                <position z="0.040801" y="-0.750000" x="0.169881"/>
                <normal z="0.989837" y="-0.140965" x="-0.017151"/>
            </vertex>
            <vertex>
                <position z="0.000000" y="-0.625000" x="-0.580119"/>
                <normal z="0.995300" y="0.093905" x="-0.022980"/>
            </vertex>
            <vertex>
                <position z="0.000000" y="-0.625000" x="-0.455119"/>
                <normal z="0.989288" y="0.120151" x="-0.082614"/>
            </vertex>
            <vertex>
                <position z="0.000000" y="-0.500000" x="-0.455119"/>
                <normal z="0.998383" y="0.039918" x="-0.039918"/>
            </vertex>
            <vertex>
                <position z="0.000000" y="-0.500000" x="-0.580119"/>
                <normal z="1.000000" y="0.000000" x="0.000000"/>
            </vertex>
            <vertex>
                <position z="0.000000" y="-0.875000" x="-0.580119"/>
                <normal z="0.995392" y="-0.092990" x="-0.022034"/>
            </vertex>
            <vertex>
                <position z="0.000000" y="-0.875000" x="-0.455119"/>
                <normal z="0.993103" y="-0.117038" x="-0.004059"/>
            </vertex>
            <vertex>
                <position z="0.022069" y="-0.747854" x="-0.443454"/>
                <normal z="0.997192" y="-0.041444" x="-0.062136"/>
            </vertex>
            <vertex>
                <position z="0.036225" y="-0.750000" x="-0.580119"/>
                <normal z="0.999023" y="-0.000214" x="-0.044130"/>
            </vertex>
            <vertex>
                <position z="0.000000" y="-0.875000" x="-0.330119"/>
                <normal z="0.989227" y="-0.138829" x="-0.046358"/>
            </vertex>
            <vertex>
                <position z="0.013532" y="-0.875000" x="-0.205119"/>
                <normal z="0.986663" y="-0.160436" x="-0.026673"/>
            </vertex>
            <vertex>
                <position z="0.040801" y="-0.750000" x="-0.205119"/>
                <normal z="0.992706" y="-0.119785" x="-0.013123"/>
            </vertex>
            <vertex>
                <position z="0.040801" y="-0.750000" x="-0.330119"/>
                <normal z="0.989715" y="-0.107791" x="-0.093875"/>
            </vertex>
            <vertex>
                <position z="0.000000" y="-0.125000" x="-0.580119"/>
                <normal z="1.000000" y="0.000000" x="0.000000"/>
            </vertex>
            <vertex>
                <position z="0.000000" y="-0.125000" x="-0.455119"/>
                <normal z="1.000000" y="0.000000" x="0.000000"/>
            </vertex>
            <vertex>
                <position z="0.000000" y="0.000000" x="-0.455119"/>
                <normal z="1.000000" y="0.000000" x="0.000000"/>
            </vertex>
            <vertex>
                <position z="0.000000" y="0.000000" x="-0.580119"/>
                <normal z="1.000000" y="0.000000" x="0.000000"/>
            </vertex>
            <vertex>
                <position z="0.000000" y="-0.375000" x="-0.580119"/>
                <normal z="1.000000" y="0.000000" x="0.000000"/>
            </vertex>
            <vertex>
                <position z="0.000000" y="-0.375000" x="-0.455119"/>
                <normal z="1.000000" y="0.000000" x="0.000000"/>
            </vertex>
            <vertex>
                <position z="0.000000" y="-0.250000" x="-0.455119"/>
                <normal z="1.000000" y="0.000000" x="0.000000"/>
            </vertex>
            <vertex>
                <position z="0.000000" y="-0.250000" x="-0.580119"/>
                <normal z="1.000000" y="0.000000" x="0.000000"/>
            </vertex>
            <vertex>
                <position z="0.000000" y="-0.375000" x="-0.330119"/>
                <normal z="1.000000" y="0.000000" x="0.000000"/>
            </vertex>
            <vertex>
                <position z="0.000000" y="-0.375000" x="-0.205119"/>
                <normal z="1.000000" y="0.000000" x="0.000000"/>
            </vertex>
            <vertex>
                <position z="0.000000" y="-0.250000" x="-0.205119"/>
                <normal z="1.000000" y="0.000000" x="0.000000"/>
            </vertex>
            <vertex>
                <position z="0.000000" y="-0.250000" x="-0.330119"/>
                <normal z="1.000000" y="0.000000" x="0.000000"/>
            </vertex>
            <vertex>
                <position z="0.067132" y="-0.625000" x="0.919881"/>
                <normal z="0.975280" y="-0.016907" x="-0.220191"/>
            </vertex>
            <vertex>
                <position z="0.095583" y="-0.631092" x="1.023081"/>
                <normal z="0.997711" y="-0.060396" x="-0.030091"/>
            </vertex>
            <vertex>
                <position z="0.095583" y="-0.506092" x="1.023081"/>
                <normal z="0.999237" y="0.000000" x="-0.038759"/>
            </vertex>
            <vertex>
                <position z="0.067132" y="-0.500000" x="0.919881"/>
                <normal z="0.961180" y="0.010559" x="-0.275613"/>
            </vertex>
            <vertex>
                <position z="0.067132" y="-0.875000" x="0.919881"/>
                <normal z="0.972228" y="-0.219886" x="-0.079806"/>
            </vertex>
            <vertex>
                <position z="0.067132" y="-0.875000" x="1.044881"/>
                <normal z="0.969787" y="-0.243934" x="0.000000"/>
            </vertex>
            <vertex>
                <position z="0.067132" y="-0.750000" x="1.044881"/>
                <normal z="0.998321" y="-0.057680" x="0.001465"/>
            </vertex>
            <vertex>
                <position z="0.067132" y="-0.750000" x="0.919881"/>
                <normal z="0.989807" y="-0.030915" x="-0.138981"/>
            </vertex>
            <vertex>
                <position z="0.067132" y="-0.875000" x="1.169881"/>
                <normal z="0.964629" y="-0.186316" x="0.186316"/>
            </vertex>
            <vertex>
                <position z="0.000000" y="-0.875000" x="1.294881"/>
                <normal z="0.921293" y="-0.127354" x="0.367412"/>
            </vertex>
            <vertex>
                <position z="0.000000" y="-0.750000" x="1.294881"/>
                <normal z="0.880978" y="0.000000" x="0.473128"/>
            </vertex>
            <vertex>
                <position z="0.067132" y="-0.750000" x="1.169881"/>
                <normal z="0.962462" y="-0.027161" x="0.269967"/>
            </vertex>
            <vertex>
                <position z="0.040801" y="-0.625000" x="0.419881"/>
                <normal z="0.987579" y="0.157079" x="0.000000"/>
            </vertex>
            <vertex>
                <position z="0.040801" y="-0.625000" x="0.544881"/>
                <normal z="0.987579" y="0.157079" x="0.000000"/>
            </vertex>
            <vertex>
                <position z="0.000000" y="-0.500000" x="0.544881"/>
                <normal z="0.990875" y="0.134770" x="0.000000"/>
            </vertex>
            <vertex>
                <position z="0.000000" y="-0.500000" x="0.419881"/>
                <normal z="0.989196" y="0.145940" x="-0.011475"/>
            </vertex>
            <vertex>
                <position z="0.017572" y="-0.875000" x="0.419881"/>
                <normal z="0.986358" y="-0.160894" x="0.034577"/>
            </vertex>
            <vertex>
                <position z="0.000000" y="-0.875000" x="0.544881"/>
                <normal z="0.986877" y="-0.157689" x="0.034516"/>
            </vertex>
            <vertex>
                <position z="0.040801" y="-0.750000" x="0.544881"/>
                <normal z="0.989837" y="-0.140965" x="0.017151"/>
            </vertex>
            <vertex>
                <position z="0.040801" y="-0.750000" x="0.419881"/>
                <normal z="0.993957" y="-0.108249" x="0.017090"/>
            </vertex>
            <vertex>
                <position z="0.000000" y="-0.875000" x="0.669881"/>
                <normal z="0.984466" y="-0.157811" x="-0.076815"/>
            </vertex>
            <vertex>
                <position z="0.040013" y="-0.875000" x="0.794881"/>
                <normal z="0.970885" y="-0.181371" x="-0.156255"/>
            </vertex>
            <vertex>
                <position z="0.040013" y="-0.750000" x="0.794881"/>
                <normal z="0.988861" y="-0.038484" x="-0.143590"/>
            </vertex>
            <vertex>
                <position z="0.040801" y="-0.750000" x="0.669881"/>
                <normal z="0.992340" y="-0.117862" x="-0.036256"/>
            </vertex>
            <vertex>
                <position z="0.000000" y="-0.125000" x="0.419881"/>
                <normal z="0.999756" y="0.000000" x="-0.021088"/>
            </vertex>
            <vertex>
                <position z="0.010560" y="-0.125000" x="0.544881"/>
                <normal z="1.000000" y="0.000000" x="0.000000"/>
            </vertex>
            <vertex>
                <position z="0.000000" y="0.000000" x="0.544881"/>
                <normal z="0.999756" y="0.021088" x="0.000000"/>
            </vertex>
            <vertex>
                <position z="0.000000" y="0.000000" x="0.419881"/>
                <normal z="0.999969" y="-0.001251" x="0.001251"/>
            </vertex>
            <vertex>
                <position z="0.000000" y="-0.375000" x="0.419881"/>
                <normal z="0.999725" y="0.000000" x="-0.022614"/>
            </vertex>
            <vertex>
                <position z="0.011336" y="-0.375000" x="0.544881"/>
                <normal z="1.000000" y="0.000000" x="0.000000"/>
            </vertex>
            <vertex>
                <position z="0.000000" y="-0.250000" x="0.544881"/>
                <normal z="0.999969" y="0.001526" x="0.000000"/>
            </vertex>
            <vertex>
                <position z="0.000000" y="-0.250000" x="0.419881"/>
                <normal z="0.999756" y="0.000763" x="-0.021851"/>
            </vertex>
            <vertex>
                <position z="0.000000" y="-0.375000" x="0.669881"/>
                <normal z="0.997925" y="0.025880" x="-0.058779"/>
            </vertex>
            <vertex>
                <position z="0.028269" y="-0.375000" x="0.794881"/>
                <normal z="0.964660" y="0.049867" x="-0.258675"/>
            </vertex>
            <vertex>
                <position z="0.000000" y="-0.250000" x="0.794881"/>
                <normal z="0.967681" y="0.054140" x="-0.246162"/>
            </vertex>
            <vertex>
                <position z="0.000000" y="-0.250000" x="0.669881"/>
                <normal z="0.999542" y="0.028779" x="-0.006073"/>
            </vertex>
            <vertex>
                <position z="0.067132" y="-0.125000" x="0.919881"/>
                <normal z="0.928312" y="0.000000" x="-0.371776"/>
            </vertex>
            <vertex>
                <position z="0.095583" y="-0.131092" x="1.023081"/>
                <normal z="0.999237" y="0.000000" x="-0.038759"/>
            </vertex>
            <vertex>
                <position z="0.095583" y="-0.006092" x="1.023081"/>
                <normal z="0.999237" y="0.000000" x="-0.038759"/>
            </vertex>
            <vertex>
                <position z="0.067132" y="0.000000" x="0.919881"/>
                <normal z="0.928220" y="0.000214" x="-0.371960"/>
            </vertex>
            <vertex>
                <position z="0.067132" y="-0.375000" x="0.919881"/>
                <normal z="0.951415" y="0.023774" x="-0.306894"/>
            </vertex>
            <vertex>
                <position z="0.095583" y="-0.381092" x="1.023081"/>
                <normal z="0.999237" y="0.000000" x="-0.038759"/>
            </vertex>
            <vertex>
                <position z="0.095583" y="-0.256092" x="1.023081"/>
                <normal z="0.999237" y="0.000000" x="-0.038759"/>
            </vertex>
            <vertex>
                <position z="0.067132" y="-0.250000" x="0.919881"/>
                <normal z="0.936308" y="0.026002" x="-0.350139"/>
            </vertex>
            <vertex>
                <position z="0.067132" y="-0.375000" x="1.169881"/>
                <normal z="0.942015" y="0.000000" x="0.335490"/>
            </vertex>
            <vertex>
                <position z="0.000000" y="-0.375000" x="1.294881"/>
                <normal z="0.880978" y="0.000000" x="0.473128"/>
            </vertex>
            <vertex>
                <position z="0.000000" y="-0.250000" x="1.294881"/>
                <normal z="0.880978" y="0.000000" x="0.473128"/>
            </vertex>
            <vertex>
                <position z="0.067132" y="-0.250000" x="1.169881"/>
                <normal z="0.942015" y="0.000000" x="0.335490"/>
            </vertex>
            <vertex>
                <position z="0.000000" y="-0.125000" x="-0.080119"/>
                <normal z="1.000000" y="0.000000" x="0.000000"/>
            </vertex>
            <vertex>
                <position z="0.000000" y="-0.125000" x="0.044881"/>
                <normal z="0.999969" y="-0.003357" x="-0.003357"/>
            </vertex>
            <vertex>
                <position z="0.000000" y="0.000000" x="0.044881"/>
                <normal z="0.999969" y="0.000000" x="-0.006745"/>
            </vertex>
            <vertex>
                <position z="0.000000" y="0.000000" x="-0.080119"/>
                <normal z="1.000000" y="0.000000" x="0.000000"/>
            </vertex>
            <vertex>
                <position z="0.000000" y="-0.375000" x="-0.080119"/>
                <normal z="1.000000" y="0.000000" x="0.000000"/>
            </vertex>
            <vertex>
                <position z="0.000000" y="-0.375000" x="0.044881"/>
                <normal z="1.000000" y="0.000000" x="0.000000"/>
            </vertex>
            <vertex>
                <position z="0.000000" y="-0.250000" x="0.044881"/>
                <normal z="1.000000" y="0.000000" x="0.000000"/>
            </vertex>
            <vertex>
                <position z="0.000000" y="-0.250000" x="-0.080119"/>
                <normal z="1.000000" y="0.000000" x="0.000000"/>
            </vertex>
            <vertex>
                <position z="0.000000" y="-0.375000" x="0.169881"/>
                <normal z="1.000000" y="0.000000" x="0.000000"/>
            </vertex>
            <vertex>
                <position z="0.000000" y="-0.375000" x="0.294881"/>
                <normal z="1.000000" y="0.000000" x="0.000000"/>
            </vertex>
            <vertex>
                <position z="0.000000" y="-0.250000" x="0.294881"/>
                <normal z="1.000000" y="0.000000" x="0.000000"/>
            </vertex>
            <vertex>
                <position z="0.000000" y="-0.250000" x="0.169881"/>
                <normal z="1.000000" y="0.000000" x="0.000000"/>
            </vertex>
            <vertex>
                <position z="0.000000" y="0.875000" x="-0.080119"/>
                <normal z="0.997131" y="0.023988" x="0.071566"/>
            </vertex>
            <vertex>
                <position z="0.000000" y="0.875000" x="0.044881"/>
                <normal z="0.966430" y="0.116337" x="-0.228950"/>
            </vertex>
            <vertex>
                <position z="0.000000" y="1.000000" x="0.044881"/>
                <normal z="0.982177" y="0.132817" x="-0.132817"/>
            </vertex>
            <vertex>
                <position z="0.000000" y="1.000000" x="-0.080119"/>
                <normal z="0.997681" y="0.047914" x="0.047914"/>
            </vertex>
            <vertex>
                <position z="0.000000" y="0.625000" x="-0.080119"/>
                <normal z="0.999420" y="-0.023927" x="0.023927"/>
            </vertex>
            <vertex>
                <position z="0.000000" y="0.625000" x="0.044881"/>
                <normal z="0.919919" y="0.000000" x="-0.392071"/>
            </vertex>
            <vertex>
                <position z="0.000000" y="0.750000" x="0.044881"/>
                <normal z="0.931669" y="0.049562" x="-0.359813"/>
            </vertex>
            <vertex>
                <position z="0.000000" y="0.750000" x="-0.080119"/>
                <normal z="0.997131" y="-0.023988" x="0.071566"/>
            </vertex>
            <vertex>
                <position z="0.130205" y="0.625000" x="0.169881"/>
                <normal z="0.827876" y="-0.021943" x="-0.560442"/>
            </vertex>
            <vertex>
                <position z="0.186495" y="0.625000" x="0.294881"/>
                <normal z="0.981414" y="-0.064852" x="-0.180578"/>
            </vertex>
            <vertex>
                <position z="0.186495" y="0.750000" x="0.294881"/>
                <normal z="0.968261" y="0.112949" x="-0.222877"/>
            </vertex>
            <vertex>
                <position z="0.130205" y="0.750000" x="0.169881"/>
                <normal z="0.816187" y="0.117557" x="-0.565630"/>
            </vertex>
            <vertex>
                <position z="0.131322" y="0.875000" x="0.919881"/>
                <normal z="0.918332" y="0.383435" x="0.097964"/>
            </vertex>
            <vertex>
                <position z="0.067132" y="0.875000" x="1.044881"/>
                <normal z="0.906217" y="0.385723" x="0.173009"/>
            </vertex>
            <vertex>
                <position z="0.000000" y="1.000000" x="1.044881"/>
                <normal z="0.831751" y="0.546129" x="0.099429"/>
            </vertex>
            <vertex>
                <position z="0.000000" y="1.000000" x="0.919881"/>
                <normal z="0.741935" y="0.665090" x="0.084414"/>
            </vertex>
            <vertex>
                <position z="0.131322" y="0.625000" x="0.919881"/>
                <normal z="0.999756" y="0.000000" x="0.021638"/>
            </vertex>
            <vertex>
                <position z="0.115298" y="0.625000" x="1.044881"/>
                <normal z="0.969481" y="0.000000" x="0.245094"/>
            </vertex>
            <vertex>
                <position z="0.115298" y="0.750000" x="1.044881"/>
                <normal z="0.964690" y="0.091037" x="0.247047"/>
            </vertex>
            <vertex>
                <position z="0.131322" y="0.750000" x="0.919881"/>
                <normal z="0.996765" y="0.045839" x="0.065950"/>
            </vertex>
            <vertex>
                <position z="0.067132" y="0.625000" x="1.169881"/>
                <normal z="0.908811" y="0.000000" x="0.417158"/>
            </vertex>
            <vertex>
                <position z="0.000000" y="0.625000" x="1.294881"/>
                <normal z="0.880978" y="0.000000" x="0.473128"/>
            </vertex>
            <vertex>
                <position z="0.000000" y="0.750000" x="1.294881"/>
                <normal z="0.880978" y="0.000000" x="0.473128"/>
            </vertex>
            <vertex>
                <position z="0.067132" y="0.750000" x="1.169881"/>
                <normal z="0.924986" y="0.046968" x="0.376995"/>
            </vertex>
            <vertex>
                <position z="0.000000" y="-1.000000" x="0.544881"/>
                <normal z="0.998749" y="-0.035005" x="0.035005"/>
            </vertex>
            <vertex>
                <position z="0.000000" y="-1.000000" x="0.669881"/>
                <normal z="0.993805" y="-0.078524" x="-0.078524"/>
            </vertex>
            <vertex>
                <position z="0.000000" y="-1.000000" x="0.794881"/>
                <normal z="0.952422" y="-0.276193" x="-0.128666"/>
            </vertex>
            <vertex>
                <position z="0.000000" y="-1.000000" x="0.294881"/>
                <normal z="0.993866" y="-0.104678" x="-0.035005"/>
            </vertex>
            <vertex>
                <position z="0.000000" y="-1.000000" x="0.419881"/>
                <normal z="0.993866" y="-0.104678" x="0.035005"/>
            </vertex>
            <vertex>
                <position z="0.000000" y="-1.000000" x="1.044881"/>
                <normal z="0.880978" y="-0.473128" x="0.000000"/>
            </vertex>
            <vertex>
                <position z="0.000000" y="-1.000000" x="1.169881"/>
                <normal z="0.921293" y="-0.367412" x="0.127354"/>
            </vertex>
            <vertex>
                <position z="0.000000" y="-1.000000" x="1.294881"/>
                <normal z="0.934843" y="-0.251015" x="0.251015"/>
            </vertex>
            <vertex>
                <position z="0.000000" y="-1.000000" x="0.919881"/>
                <normal z="0.899747" y="-0.433485" x="-0.049715"/>
            </vertex>
            <vertex>
                <position z="0.000000" y="-0.375000" x="-0.705119"/>
                <normal z="1.000000" y="0.000000" x="0.000000"/>
            </vertex>
            <vertex>
                <position z="0.000000" y="-0.250000" x="-0.705119"/>
                <normal z="1.000000" y="0.000000" x="0.000000"/>
            </vertex>
            <vertex>
                <position z="0.000000" y="-0.500000" x="-0.705119"/>
                <normal z="1.000000" y="0.000000" x="0.000000"/>
            </vertex>
            <vertex>
                <position z="0.000000" y="-0.125000" x="-0.705119"/>
                <normal z="1.000000" y="0.000000" x="0.000000"/>
            </vertex>
            <vertex>
                <position z="0.000000" y="0.000000" x="-0.705119"/>
                <normal z="1.000000" y="0.000000" x="0.000000"/>
            </vertex>
            <vertex>
                <position z="0.000000" y="-1.000000" x="-0.455119"/>
                <normal z="1.000000" y="0.000000" x="0.000000"/>
            </vertex>
            <vertex>
                <position z="0.000000" y="-1.000000" x="-0.330119"/>
                <normal z="0.999268" y="-0.026978" x="-0.026978"/>
            </vertex>
            <vertex>
                <position z="0.000000" y="-1.000000" x="-0.205119"/>
                <normal z="0.996338" y="-0.080844" x="-0.026978"/>
            </vertex>
            <vertex>
                <position z="0.000000" y="-0.875000" x="-0.705119"/>
                <normal z="0.994873" y="-0.071322" x="-0.071322"/>
            </vertex>
            <vertex>
                <position z="0.000000" y="-0.750000" x="-0.705119"/>
                <normal z="0.989654" y="0.000000" x="-0.143376"/>
            </vertex>
            <vertex>
                <position z="0.000000" y="-1.000000" x="-0.705119"/>
                <normal z="1.000000" y="0.000000" x="0.000000"/>
            </vertex>
            <vertex>
                <position z="0.000000" y="-1.000000" x="-0.580119"/>
                <normal z="1.000000" y="0.000000" x="0.000000"/>
            </vertex>
            <vertex>
                <position z="0.000000" y="-0.625000" x="-0.705119"/>
                <normal z="0.994873" y="0.071322" x="-0.071322"/>
            </vertex>
            <vertex>
                <position z="0.000000" y="-1.000000" x="0.044881"/>
                <normal z="0.999268" y="-0.026978" x="0.026978"/>
            </vertex>
            <vertex>
                <position z="0.000000" y="-1.000000" x="0.169881"/>
                <normal z="0.998749" y="-0.035005" x="-0.035005"/>
            </vertex>
            <vertex>
                <position z="0.000000" y="-1.000000" x="-0.080119"/>
                <normal z="0.996338" y="-0.080844" x="0.026978"/>
            </vertex>
            <vertex>
                <position z="0.000000" y="0.625000" x="-0.705119"/>
                <normal z="1.000000" y="0.000000" x="0.000000"/>
            </vertex>
            <vertex>
                <position z="0.000000" y="0.750000" x="-0.705119"/>
                <normal z="0.999756" y="-0.014801" x="-0.014801"/>
            </vertex>
            <vertex>
                <position z="0.000000" y="0.500000" x="-0.705119"/>
                <normal z="1.000000" y="0.000000" x="0.000000"/>
            </vertex>
            <vertex>
                <position z="0.000000" y="0.875000" x="-0.705119"/>
                <normal z="0.999542" y="0.000000" x="-0.029633"/>
            </vertex>
            <vertex>
                <position z="0.000000" y="1.000000" x="-0.705119"/>
                <normal z="0.999115" y="0.029603" x="-0.029603"/>
            </vertex>
            <vertex>
                <position z="0.000000" y="0.125000" x="-0.705119"/>
                <normal z="1.000000" y="0.000000" x="0.000000"/>
            </vertex>
            <vertex>
                <position z="0.000000" y="0.250000" x="-0.705119"/>
                <normal z="1.000000" y="0.000000" x="0.000000"/>
            </vertex>
            <vertex>
                <position z="0.000000" y="0.375000" x="-0.705119"/>
                <normal z="1.000000" y="0.000000" x="0.000000"/>
            </vertex>
        </vertexbuffer>
    </sharedgeometry>
    <submeshes>
        <submesh usesharedvertices="true" use32bitindexes="False" material="TerrainMaterial1" operationtype="triangle_list">
            <faces count="512">
                <face v2="1" v3="2" v1="0"/>
                <face v2="2" v3="3" v1="0"/>
                <face v2="5" v3="6" v1="4"/>
                <face v2="6" v3="7" v1="4"/>
                <face v2="9" v3="10" v1="8"/>
                <face v2="10" v3="11" v1="8"/>
                <face v2="13" v3="14" v1="12"/>
                <face v2="14" v3="15" v1="12"/>
                <face v2="17" v3="18" v1="16"/>
                <face v2="18" v3="19" v1="16"/>
                <face v2="21" v3="22" v1="20"/>
                <face v2="22" v3="23" v1="20"/>
                <face v2="25" v3="26" v1="24"/>
                <face v2="26" v3="27" v1="24"/>
                <face v2="29" v3="30" v1="28"/>
                <face v2="30" v3="31" v1="28"/>
                <face v2="33" v3="34" v1="32"/>
                <face v2="34" v3="35" v1="32"/>
                <face v2="37" v3="38" v1="36"/>
                <face v2="38" v3="39" v1="36"/>
                <face v2="41" v3="42" v1="40"/>
                <face v2="42" v3="43" v1="40"/>
                <face v2="45" v3="46" v1="44"/>
                <face v2="46" v3="47" v1="44"/>
                <face v2="49" v3="50" v1="48"/>
                <face v2="50" v3="51" v1="48"/>
                <face v2="53" v3="54" v1="52"/>
                <face v2="54" v3="55" v1="52"/>
                <face v2="57" v3="58" v1="56"/>
                <face v2="58" v3="59" v1="56"/>
                <face v2="61" v3="62" v1="60"/>
                <face v2="62" v3="63" v1="60"/>
                <face v2="65" v3="66" v1="64"/>
                <face v2="66" v3="67" v1="64"/>
                <face v2="69" v3="70" v1="68"/>
                <face v2="70" v3="71" v1="68"/>
                <face v2="73" v3="74" v1="72"/>
                <face v2="74" v3="75" v1="72"/>
                <face v2="77" v3="78" v1="76"/>
                <face v2="78" v3="79" v1="76"/>
                <face v2="81" v3="82" v1="80"/>
                <face v2="82" v3="83" v1="80"/>
                <face v2="85" v3="86" v1="84"/>
                <face v2="86" v3="87" v1="84"/>
                <face v2="89" v3="90" v1="88"/>
                <face v2="90" v3="91" v1="88"/>
                <face v2="93" v3="94" v1="92"/>
                <face v2="94" v3="95" v1="92"/>
                <face v2="97" v3="98" v1="96"/>
                <face v2="98" v3="99" v1="96"/>
                <face v2="101" v3="102" v1="100"/>
                <face v2="102" v3="103" v1="100"/>
                <face v2="105" v3="106" v1="104"/>
                <face v2="106" v3="107" v1="104"/>
                <face v2="109" v3="110" v1="108"/>
                <face v2="110" v3="111" v1="108"/>
                <face v2="113" v3="114" v1="112"/>
                <face v2="114" v3="115" v1="112"/>
                <face v2="117" v3="118" v1="116"/>
                <face v2="118" v3="119" v1="116"/>
                <face v2="121" v3="122" v1="120"/>
                <face v2="122" v3="123" v1="120"/>
                <face v2="125" v3="126" v1="124"/>
                <face v2="126" v3="127" v1="124"/>
                <face v2="129" v3="130" v1="128"/>
                <face v2="130" v3="131" v1="128"/>
                <face v2="133" v3="134" v1="132"/>
                <face v2="134" v3="135" v1="132"/>
                <face v2="137" v3="138" v1="136"/>
                <face v2="138" v3="139" v1="136"/>
                <face v2="141" v3="142" v1="140"/>
                <face v2="142" v3="143" v1="140"/>
                <face v2="145" v3="146" v1="144"/>
                <face v2="146" v3="147" v1="144"/>
                <face v2="149" v3="150" v1="148"/>
                <face v2="150" v3="151" v1="148"/>
                <face v2="153" v3="154" v1="152"/>
                <face v2="154" v3="155" v1="152"/>
                <face v2="157" v3="158" v1="156"/>
                <face v2="158" v3="159" v1="156"/>
                <face v2="161" v3="162" v1="160"/>
                <face v2="162" v3="163" v1="160"/>
                <face v2="165" v3="166" v1="164"/>
                <face v2="166" v3="167" v1="164"/>
                <face v2="169" v3="170" v1="168"/>
                <face v2="170" v3="171" v1="168"/>
                <face v2="173" v3="174" v1="172"/>
                <face v2="174" v3="175" v1="172"/>
                <face v2="177" v3="178" v1="176"/>
                <face v2="178" v3="179" v1="176"/>
                <face v2="181" v3="182" v1="180"/>
                <face v2="182" v3="183" v1="180"/>
                <face v2="185" v3="186" v1="184"/>
                <face v2="186" v3="187" v1="184"/>
                <face v2="189" v3="190" v1="188"/>
                <face v2="190" v3="191" v1="188"/>
                <face v2="193" v3="194" v1="192"/>
                <face v2="194" v3="195" v1="192"/>
                <face v2="197" v3="198" v1="196"/>
                <face v2="198" v3="199" v1="196"/>
                <face v2="201" v3="202" v1="200"/>
                <face v2="202" v3="203" v1="200"/>
                <face v2="205" v3="206" v1="204"/>
                <face v2="206" v3="207" v1="204"/>
                <face v2="209" v3="210" v1="208"/>
                <face v2="210" v3="211" v1="208"/>
                <face v2="213" v3="214" v1="212"/>
                <face v2="214" v3="215" v1="212"/>
                <face v2="217" v3="218" v1="216"/>
                <face v2="218" v3="219" v1="216"/>
                <face v2="221" v3="222" v1="220"/>
                <face v2="222" v3="223" v1="220"/>
                <face v2="225" v3="226" v1="224"/>
                <face v2="226" v3="227" v1="224"/>
                <face v2="229" v3="230" v1="228"/>
                <face v2="230" v3="231" v1="228"/>
                <face v2="233" v3="234" v1="232"/>
                <face v2="234" v3="235" v1="232"/>
                <face v2="237" v3="238" v1="236"/>
                <face v2="238" v3="239" v1="236"/>
                <face v2="241" v3="242" v1="240"/>
                <face v2="242" v3="243" v1="240"/>
                <face v2="245" v3="246" v1="244"/>
                <face v2="246" v3="247" v1="244"/>
                <face v2="249" v3="250" v1="248"/>
                <face v2="250" v3="251" v1="248"/>
                <face v2="253" v3="254" v1="252"/>
                <face v2="254" v3="255" v1="252"/>
                <face v2="252" v3="255" v1="249"/>
                <face v2="255" v3="250" v1="249"/>
                <face v2="63" v3="252" v1="66"/>
                <face v2="252" v3="249" v1="66"/>
                <face v2="62" v3="253" v1="63"/>
                <face v2="253" v3="252" v1="63"/>
                <face v2="248" v3="251" v1="97"/>
                <face v2="251" v3="98" v1="97"/>
                <face v2="67" v3="248" v1="58"/>
                <face v2="248" v3="97" v1="58"/>
                <face v2="66" v3="249" v1="67"/>
                <face v2="249" v3="248" v1="67"/>
                <face v2="244" v3="247" v1="53"/>
                <face v2="247" v3="54" v1="53"/>
                <face v2="251" v3="244" v1="98"/>
                <face v2="244" v3="53" v1="98"/>
                <face v2="250" v3="245" v1="251"/>
                <face v2="245" v3="244" v1="251"/>
                <face v2="240" v3="243" v1="237"/>
                <face v2="243" v3="238" v1="237"/>
                <face v2="51" v3="240" v1="102"/>
                <face v2="240" v3="237" v1="102"/>
                <face v2="50" v3="241" v1="51"/>
                <face v2="241" v3="240" v1="51"/>
                <face v2="236" v3="239" v1="133"/>
                <face v2="239" v3="134" v1="133"/>
                <face v2="103" v3="236" v1="46"/>
                <face v2="236" v3="133" v1="46"/>
                <face v2="102" v3="237" v1="103"/>
                <face v2="237" v3="236" v1="103"/>
                <face v2="232" v3="235" v1="41"/>
                <face v2="235" v3="42" v1="41"/>
                <face v2="239" v3="232" v1="134"/>
                <face v2="232" v3="41" v1="134"/>
                <face v2="238" v3="233" v1="239"/>
                <face v2="233" v3="232" v1="239"/>
                <face v2="228" v3="231" v1="225"/>
                <face v2="231" v3="226" v1="225"/>
                <face v2="39" v3="228" v1="138"/>
                <face v2="228" v3="225" v1="138"/>
                <face v2="38" v3="229" v1="39"/>
                <face v2="229" v3="228" v1="39"/>
                <face v2="224" v3="227" v1="169"/>
                <face v2="227" v3="170" v1="169"/>
                <face v2="139" v3="224" v1="34"/>
                <face v2="224" v3="169" v1="34"/>
                <face v2="138" v3="225" v1="139"/>
                <face v2="225" v3="224" v1="139"/>
                <face v2="220" v3="223" v1="29"/>
                <face v2="223" v3="30" v1="29"/>
                <face v2="227" v3="220" v1="170"/>
                <face v2="220" v3="29" v1="170"/>
                <face v2="226" v3="221" v1="227"/>
                <face v2="221" v3="220" v1="227"/>
                <face v2="216" v3="219" v1="213"/>
                <face v2="219" v3="214" v1="213"/>
                <face v2="27" v3="216" v1="174"/>
                <face v2="216" v3="213" v1="174"/>
                <face v2="26" v3="217" v1="27"/>
                <face v2="217" v3="216" v1="27"/>
                <face v2="212" v3="215" v1="205"/>
                <face v2="215" v3="206" v1="205"/>
                <face v2="175" v3="212" v1="22"/>
                <face v2="212" v3="205" v1="22"/>
                <face v2="174" v3="213" v1="175"/>
                <face v2="213" v3="212" v1="175"/>
                <face v2="208" v3="211" v1="17"/>
                <face v2="211" v3="18" v1="17"/>
                <face v2="215" v3="208" v1="206"/>
                <face v2="208" v3="17" v1="206"/>
                <face v2="214" v3="209" v1="215"/>
                <face v2="209" v3="208" v1="215"/>
                <face v2="204" v3="207" v1="201"/>
                <face v2="207" v3="202" v1="201"/>
                <face v2="23" v3="204" v1="186"/>
                <face v2="204" v3="201" v1="186"/>
                <face v2="22" v3="205" v1="23"/>
                <face v2="205" v3="204" v1="23"/>
                <face v2="200" v3="203" v1="229"/>
                <face v2="203" v3="230" v1="229"/>
                <face v2="187" v3="200" v1="38"/>
                <face v2="200" v3="229" v1="38"/>
                <face v2="186" v3="201" v1="187"/>
                <face v2="201" v3="200" v1="187"/>
                <face v2="196" v3="199" v1="9"/>
                <face v2="199" v3="10" v1="9"/>
                <face v2="203" v3="196" v1="230"/>
                <face v2="196" v3="9" v1="230"/>
                <face v2="202" v3="197" v1="203"/>
                <face v2="197" v3="196" v1="203"/>
                <face v2="192" v3="195" v1="189"/>
                <face v2="195" v3="190" v1="189"/>
                <face v2="257" v3="192" v1="256"/>
                <face v2="192" v3="189" v1="256"/>
                <face v2="258" v3="193" v1="257"/>
                <face v2="193" v3="192" v1="257"/>
                <face v2="188" v3="191" v1="145"/>
                <face v2="191" v3="146" v1="145"/>
                <face v2="260" v3="188" v1="259"/>
                <face v2="188" v3="145" v1="259"/>
                <face v2="256" v3="189" v1="260"/>
                <face v2="189" v3="188" v1="260"/>
                <face v2="184" v3="187" v1="37"/>
                <face v2="187" v3="38" v1="37"/>
                <face v2="191" v3="184" v1="146"/>
                <face v2="184" v3="37" v1="146"/>
                <face v2="190" v3="185" v1="191"/>
                <face v2="185" v3="184" v1="191"/>
                <face v2="180" v3="183" v1="177"/>
                <face v2="183" v3="178" v1="177"/>
                <face v2="262" v3="180" v1="261"/>
                <face v2="180" v3="177" v1="261"/>
                <face v2="263" v3="181" v1="262"/>
                <face v2="181" v3="180" v1="262"/>
                <face v2="176" v3="179" v1="193"/>
                <face v2="179" v3="194" v1="193"/>
                <face v2="264" v3="176" v1="258"/>
                <face v2="176" v3="193" v1="258"/>
                <face v2="261" v3="177" v1="264"/>
                <face v2="177" v3="176" v1="264"/>
                <face v2="172" v3="175" v1="21"/>
                <face v2="175" v3="22" v1="21"/>
                <face v2="179" v3="172" v1="194"/>
                <face v2="172" v3="21" v1="194"/>
                <face v2="178" v3="173" v1="179"/>
                <face v2="173" v3="172" v1="179"/>
                <face v2="168" v3="171" v1="165"/>
                <face v2="171" v3="166" v1="165"/>
                <face v2="35" v3="168" v1="150"/>
                <face v2="168" v3="165" v1="150"/>
                <face v2="34" v3="169" v1="35"/>
                <face v2="169" v3="168" v1="35"/>
                <face v2="164" v3="167" v1="265"/>
                <face v2="167" v3="266" v1="265"/>
                <face v2="151" v3="164" v1="267"/>
                <face v2="164" v3="265" v1="267"/>
                <face v2="150" v3="165" v1="151"/>
                <face v2="165" v3="164" v1="151"/>
                <face v2="160" v3="163" v1="268"/>
                <face v2="163" v3="269" v1="268"/>
                <face v2="167" v3="160" v1="266"/>
                <face v2="160" v3="268" v1="266"/>
                <face v2="166" v3="161" v1="167"/>
                <face v2="161" v3="160" v1="167"/>
                <face v2="156" v3="159" v1="153"/>
                <face v2="159" v3="154" v1="153"/>
                <face v2="271" v3="156" v1="270"/>
                <face v2="156" v3="153" v1="270"/>
                <face v2="272" v3="157" v1="271"/>
                <face v2="157" v3="156" v1="271"/>
                <face v2="152" v3="155" v1="273"/>
                <face v2="155" v3="274" v1="273"/>
                <face v2="276" v3="152" v1="275"/>
                <face v2="152" v3="273" v1="275"/>
                <face v2="270" v3="153" v1="276"/>
                <face v2="153" v3="152" v1="276"/>
                <face v2="148" v3="151" v1="277"/>
                <face v2="151" v3="267" v1="277"/>
                <face v2="155" v3="148" v1="274"/>
                <face v2="148" v3="277" v1="274"/>
                <face v2="154" v3="149" v1="155"/>
                <face v2="149" v3="148" v1="155"/>
                <face v2="144" v3="147" v1="141"/>
                <face v2="147" v3="142" v1="141"/>
                <face v2="279" v3="144" v1="278"/>
                <face v2="144" v3="141" v1="278"/>
                <face v2="259" v3="145" v1="279"/>
                <face v2="145" v3="144" v1="279"/>
                <face v2="140" v3="143" v1="157"/>
                <face v2="143" v3="158" v1="157"/>
                <face v2="280" v3="140" v1="272"/>
                <face v2="140" v3="157" v1="272"/>
                <face v2="278" v3="141" v1="280"/>
                <face v2="141" v3="140" v1="280"/>
                <face v2="136" v3="139" v1="33"/>
                <face v2="139" v3="34" v1="33"/>
                <face v2="143" v3="136" v1="158"/>
                <face v2="136" v3="33" v1="158"/>
                <face v2="142" v3="137" v1="143"/>
                <face v2="137" v3="136" v1="143"/>
                <face v2="132" v3="135" v1="129"/>
                <face v2="135" v3="130" v1="129"/>
                <face v2="47" v3="132" v1="114"/>
                <face v2="132" v3="129" v1="114"/>
                <face v2="46" v3="133" v1="47"/>
                <face v2="133" v3="132" v1="47"/>
                <face v2="128" v3="131" v1="281"/>
                <face v2="131" v3="282" v1="281"/>
                <face v2="115" v3="128" v1="283"/>
                <face v2="128" v3="281" v1="283"/>
                <face v2="114" v3="129" v1="115"/>
                <face v2="129" v3="128" v1="115"/>
                <face v2="124" v3="127" v1="284"/>
                <face v2="127" v3="285" v1="284"/>
                <face v2="131" v3="124" v1="282"/>
                <face v2="124" v3="284" v1="282"/>
                <face v2="130" v3="125" v1="131"/>
                <face v2="125" v3="124" v1="131"/>
                <face v2="120" v3="123" v1="117"/>
                <face v2="123" v3="118" v1="117"/>
                <face v2="31" v3="120" v1="162"/>
                <face v2="120" v3="117" v1="162"/>
                <face v2="30" v3="121" v1="31"/>
                <face v2="121" v3="120" v1="31"/>
                <face v2="116" v3="119" v1="286"/>
                <face v2="119" v3="287" v1="286"/>
                <face v2="163" v3="116" v1="269"/>
                <face v2="116" v3="286" v1="269"/>
                <face v2="162" v3="117" v1="163"/>
                <face v2="117" v3="116" v1="163"/>
                <face v2="112" v3="115" v1="288"/>
                <face v2="115" v3="283" v1="288"/>
                <face v2="119" v3="112" v1="287"/>
                <face v2="112" v3="288" v1="287"/>
                <face v2="118" v3="113" v1="119"/>
                <face v2="113" v3="112" v1="119"/>
                <face v2="108" v3="111" v1="105"/>
                <face v2="111" v3="106" v1="105"/>
                <face v2="11" v3="108" v1="222"/>
                <face v2="108" v3="105" v1="222"/>
                <face v2="10" v3="109" v1="11"/>
                <face v2="109" v3="108" v1="11"/>
                <face v2="104" v3="107" v1="121"/>
                <face v2="107" v3="122" v1="121"/>
                <face v2="223" v3="104" v1="30"/>
                <face v2="104" v3="121" v1="30"/>
                <face v2="222" v3="105" v1="223"/>
                <face v2="105" v3="104" v1="223"/>
                <face v2="100" v3="103" v1="45"/>
                <face v2="103" v3="46" v1="45"/>
                <face v2="107" v3="100" v1="122"/>
                <face v2="100" v3="45" v1="122"/>
                <face v2="106" v3="101" v1="107"/>
                <face v2="101" v3="100" v1="107"/>
                <face v2="96" v3="99" v1="93"/>
                <face v2="99" v3="94" v1="93"/>
                <face v2="59" v3="96" v1="78"/>
                <face v2="96" v3="93" v1="78"/>
                <face v2="58" v3="97" v1="59"/>
                <face v2="97" v3="96" v1="59"/>
                <face v2="92" v3="95" v1="241"/>
                <face v2="95" v3="242" v1="241"/>
                <face v2="79" v3="92" v1="50"/>
                <face v2="92" v3="241" v1="50"/>
                <face v2="78" v3="93" v1="79"/>
                <face v2="93" v3="92" v1="79"/>
                <face v2="88" v3="91" v1="5"/>
                <face v2="91" v3="6" v1="5"/>
                <face v2="95" v3="88" v1="242"/>
                <face v2="88" v3="5" v1="242"/>
                <face v2="94" v3="89" v1="95"/>
                <face v2="89" v3="88" v1="95"/>
                <face v2="84" v3="87" v1="81"/>
                <face v2="87" v3="82" v1="81"/>
                <face v2="19" v3="84" v1="198"/>
                <face v2="84" v3="81" v1="198"/>
                <face v2="18" v3="85" v1="19"/>
                <face v2="85" v3="84" v1="19"/>
                <face v2="80" v3="83" v1="109"/>
                <face v2="83" v3="110" v1="109"/>
                <face v2="199" v3="80" v1="10"/>
                <face v2="80" v3="109" v1="10"/>
                <face v2="198" v3="81" v1="199"/>
                <face v2="81" v3="80" v1="199"/>
                <face v2="76" v3="79" v1="49"/>
                <face v2="79" v3="50" v1="49"/>
                <face v2="83" v3="76" v1="110"/>
                <face v2="76" v3="49" v1="110"/>
                <face v2="82" v3="77" v1="83"/>
                <face v2="77" v3="76" v1="83"/>
                <face v2="72" v3="75" v1="69"/>
                <face v2="75" v3="70" v1="69"/>
                <face v2="15" v3="72" v1="210"/>
                <face v2="72" v3="69" v1="210"/>
                <face v2="14" v3="73" v1="15"/>
                <face v2="73" v3="72" v1="15"/>
                <face v2="68" v3="71" v1="85"/>
                <face v2="71" v3="86" v1="85"/>
                <face v2="211" v3="68" v1="18"/>
                <face v2="68" v3="85" v1="18"/>
                <face v2="210" v3="69" v1="211"/>
                <face v2="69" v3="68" v1="211"/>
                <face v2="64" v3="67" v1="57"/>
                <face v2="67" v3="58" v1="57"/>
                <face v2="71" v3="64" v1="86"/>
                <face v2="64" v3="57" v1="86"/>
                <face v2="70" v3="65" v1="71"/>
                <face v2="65" v3="64" v1="71"/>
                <face v2="60" v3="63" v1="65"/>
                <face v2="63" v3="66" v1="65"/>
                <face v2="75" v3="60" v1="70"/>
                <face v2="60" v3="65" v1="70"/>
                <face v2="74" v3="61" v1="75"/>
                <face v2="61" v3="60" v1="75"/>
                <face v2="56" v3="59" v1="77"/>
                <face v2="59" v3="78" v1="77"/>
                <face v2="87" v3="56" v1="82"/>
                <face v2="56" v3="77" v1="82"/>
                <face v2="86" v3="57" v1="87"/>
                <face v2="57" v3="56" v1="87"/>
                <face v2="52" v3="55" v1="89"/>
                <face v2="55" v3="90" v1="89"/>
                <face v2="99" v3="52" v1="94"/>
                <face v2="52" v3="89" v1="94"/>
                <face v2="98" v3="53" v1="99"/>
                <face v2="53" v3="52" v1="99"/>
                <face v2="48" v3="51" v1="101"/>
                <face v2="51" v3="102" v1="101"/>
                <face v2="111" v3="48" v1="106"/>
                <face v2="48" v3="101" v1="106"/>
                <face v2="110" v3="49" v1="111"/>
                <face v2="49" v3="48" v1="111"/>
                <face v2="44" v3="47" v1="113"/>
                <face v2="47" v3="114" v1="113"/>
                <face v2="123" v3="44" v1="118"/>
                <face v2="44" v3="113" v1="118"/>
                <face v2="122" v3="45" v1="123"/>
                <face v2="45" v3="44" v1="123"/>
                <face v2="40" v3="43" v1="125"/>
                <face v2="43" v3="126" v1="125"/>
                <face v2="135" v3="40" v1="130"/>
                <face v2="40" v3="125" v1="130"/>
                <face v2="134" v3="41" v1="135"/>
                <face v2="41" v3="40" v1="135"/>
                <face v2="36" v3="39" v1="137"/>
                <face v2="39" v3="138" v1="137"/>
                <face v2="147" v3="36" v1="142"/>
                <face v2="36" v3="137" v1="142"/>
                <face v2="146" v3="37" v1="147"/>
                <face v2="37" v3="36" v1="147"/>
                <face v2="32" v3="35" v1="149"/>
                <face v2="35" v3="150" v1="149"/>
                <face v2="159" v3="32" v1="154"/>
                <face v2="32" v3="149" v1="154"/>
                <face v2="158" v3="33" v1="159"/>
                <face v2="33" v3="32" v1="159"/>
                <face v2="28" v3="31" v1="161"/>
                <face v2="31" v3="162" v1="161"/>
                <face v2="171" v3="28" v1="166"/>
                <face v2="28" v3="161" v1="166"/>
                <face v2="170" v3="29" v1="171"/>
                <face v2="29" v3="28" v1="171"/>
                <face v2="24" v3="27" v1="173"/>
                <face v2="27" v3="174" v1="173"/>
                <face v2="183" v3="24" v1="178"/>
                <face v2="24" v3="173" v1="178"/>
                <face v2="182" v3="25" v1="183"/>
                <face v2="25" v3="24" v1="183"/>
                <face v2="20" v3="23" v1="185"/>
                <face v2="23" v3="186" v1="185"/>
                <face v2="195" v3="20" v1="190"/>
                <face v2="20" v3="185" v1="190"/>
                <face v2="194" v3="21" v1="195"/>
                <face v2="21" v3="20" v1="195"/>
                <face v2="16" v3="19" v1="197"/>
                <face v2="19" v3="198" v1="197"/>
                <face v2="207" v3="16" v1="202"/>
                <face v2="16" v3="197" v1="202"/>
                <face v2="206" v3="17" v1="207"/>
                <face v2="17" v3="16" v1="207"/>
                <face v2="12" v3="15" v1="209"/>
                <face v2="15" v3="210" v1="209"/>
                <face v2="219" v3="12" v1="214"/>
                <face v2="12" v3="209" v1="214"/>
                <face v2="218" v3="13" v1="219"/>
                <face v2="13" v3="12" v1="219"/>
                <face v2="8" v3="11" v1="221"/>
                <face v2="11" v3="222" v1="221"/>
                <face v2="231" v3="8" v1="226"/>
                <face v2="8" v3="221" v1="226"/>
                <face v2="230" v3="9" v1="231"/>
                <face v2="9" v3="8" v1="231"/>
                <face v2="4" v3="7" v1="233"/>
                <face v2="7" v3="234" v1="233"/>
                <face v2="243" v3="4" v1="238"/>
                <face v2="4" v3="233" v1="238"/>
                <face v2="242" v3="5" v1="243"/>
                <face v2="5" v3="4" v1="243"/>
                <face v2="0" v3="3" v1="245"/>
                <face v2="3" v3="246" v1="245"/>
                <face v2="255" v3="0" v1="250"/>
                <face v2="0" v3="245" v1="250"/>
                <face v2="254" v3="1" v1="255"/>
                <face v2="1" v3="0" v1="255"/>
            </faces>
        </submesh>
    </submeshes>
    <submeshnames>
        <submesh index="0" name="TerrainMaterial1">
        </submesh>
    </submeshnames>
</mesh>